﻿Position,Original,Residue,SS,SASA,d_Stability
1,ALA,CYS,C,100,-0.17
1,ALA,ASP,C,100,0.18
1,ALA,GLU,C,100,0.25
1,ALA,PHE,C,100,0.34
1,ALA,GLY,C,100,-0.16
1,ALA,HIS,C,100,0.21
1,ALA,ILE,C,100,0.12
1,ALA,LYS,C,100,0.25
1,ALA,LEU,C,100,0.24
1,ALA,MET,C,100,0.11
1,ALA,ASN,C,100,0.15
1,ALA,PRO,C,100,0.13
1,ALA,GLN,C,100,0.21
1,ALA,ARG,C,100,0.24
1,ALA,SER,C,100,-0.08
1,ALA,THR,C,100,-0.02
1,ALA,VAL,C,100,-0.03
1,ALA,TRP,C,100,0.54
1,ALA,TYR,C,100,0.42
2,SER,ALA,C,49.21,0.28
2,SER,CYS,C,49.21,-0.06
2,SER,ASP,C,49.21,0.3
2,SER,GLU,C,49.21,0.67
2,SER,PHE,C,49.21,0.37
2,SER,GLY,C,49.21,0.6
2,SER,HIS,C,49.21,0.42
2,SER,ILE,C,49.21,0.32
2,SER,LYS,C,49.21,0.8
2,SER,LEU,C,49.21,0.44
2,SER,MET,C,49.21,0.51
2,SER,ASN,C,49.21,0.38
2,SER,PRO,C,49.21,-0.04
2,SER,GLN,C,49.21,0.68
2,SER,ARG,C,49.21,0.58
2,SER,THR,C,49.21,0.47
2,SER,VAL,C,49.21,0.36
2,SER,TRP,C,49.21,0.57
2,SER,TYR,C,49.21,0.49
3,ASN,ALA,C,23.1,0.97
3,ASN,CYS,C,23.1,1.02
3,ASN,ASP,C,23.1,1.01
3,ASN,GLU,C,23.1,1.42
3,ASN,PHE,C,23.1,0.74
3,ASN,GLY,C,23.1,1.63
3,ASN,HIS,C,23.1,0.68
3,ASN,ILE,C,23.1,0.48
3,ASN,LYS,C,23.1,1.08
3,ASN,LEU,C,23.1,0.43
3,ASN,MET,C,23.1,0.57
3,ASN,PRO,C,23.1,0.39
3,ASN,GLN,C,23.1,0.79
3,ASN,ARG,C,23.1,0.63
3,ASN,SER,C,23.1,1.06
3,ASN,THR,C,23.1,0.44
3,ASN,VAL,C,23.1,0.54
3,ASN,TRP,C,23.1,0.66
3,ASN,TYR,C,23.1,0.72
4,PHE,ALA,C,12.51,2.38
4,PHE,CYS,C,12.51,1.8
4,PHE,ASP,C,12.51,2.4
4,PHE,GLU,C,12.51,2.24
4,PHE,GLY,C,12.51,3.18
4,PHE,HIS,C,12.51,1.73
4,PHE,ILE,C,12.51,1.21
4,PHE,LYS,C,12.51,2.08
4,PHE,LEU,C,12.51,1.15
4,PHE,MET,C,12.51,1.31
4,PHE,ASN,C,12.51,2.23
4,PHE,PRO,C,12.51,2.73
4,PHE,GLN,C,12.51,1.95
4,PHE,ARG,C,12.51,1.72
4,PHE,SER,C,12.51,2.33
4,PHE,THR,C,12.51,2.18
4,PHE,VAL,C,12.51,1.45
4,PHE,TRP,C,12.51,0.56
4,PHE,TYR,C,12.51,0.72
5,THR,ALA,C,45.07,0.83
5,THR,CYS,C,45.07,0.27
5,THR,ASP,C,45.07,0.96
5,THR,GLU,C,45.07,0.71
5,THR,PHE,C,45.07,0.73
5,THR,GLY,C,45.07,0.56
5,THR,HIS,C,45.07,0.44
5,THR,ILE,C,45.07,0.22
5,THR,LYS,C,45.07,0.58
5,THR,LEU,C,45.07,0.42
5,THR,MET,C,45.07,0.55
5,THR,ASN,C,45.07,0.57
5,THR,PRO,C,45.07,1.22
5,THR,GLN,C,45.07,0.37
5,THR,ARG,C,45.07,0.29
5,THR,SER,C,45.07,0.74
5,THR,VAL,C,45.07,-0.11
5,THR,TRP,C,45.07,1.14
5,THR,TYR,C,45.07,0.8
6,GLN,ALA,C,64.55,-0.02
6,GLN,CYS,C,64.55,-0.11
6,GLN,ASP,C,64.55,0.13
6,GLN,GLU,C,64.55,-0.13
6,GLN,PHE,C,64.55,-0.22
6,GLN,GLY,C,64.55,0.6
6,GLN,HIS,C,64.55,0
6,GLN,ILE,C,64.55,-0.21
6,GLN,LYS,C,64.55,0.08
6,GLN,LEU,C,64.55,-0.24
6,GLN,MET,C,64.55,-0.23
6,GLN,ASN,C,64.55,0.13
6,GLN,PRO,C,64.55,-0.3
6,GLN,ARG,C,64.55,-0.02
6,GLN,SER,C,64.55,0.21
6,GLN,THR,C,64.55,0.03
6,GLN,VAL,C,64.55,-0.22
6,GLN,TRP,C,64.55,-0.09
6,GLN,TYR,C,64.55,-0.21
7,PHE,ALA,E,4.24,3.35
7,PHE,CYS,E,4.24,2.21
7,PHE,ASP,E,4.24,3.49
7,PHE,GLU,E,4.24,3.45
7,PHE,GLY,E,4.24,3.51
7,PHE,HIS,E,4.24,2.1
7,PHE,ILE,E,4.24,1.54
7,PHE,LYS,E,4.24,2.82
7,PHE,LEU,E,4.24,1.67
7,PHE,MET,E,4.24,1.62
7,PHE,ASN,E,4.24,2.85
7,PHE,PRO,E,4.24,3.63
7,PHE,GLN,E,4.24,2.84
7,PHE,ARG,E,4.24,2.4
7,PHE,SER,E,4.24,3.34
7,PHE,THR,E,4.24,2.4
7,PHE,VAL,E,4.24,1.77
7,PHE,TRP,E,4.24,0.98
7,PHE,TYR,E,4.24,0.89
8,VAL,ALA,E,27.85,0.99
8,VAL,CYS,E,27.85,0.93
8,VAL,ASP,E,27.85,0.69
8,VAL,GLU,E,27.85,1.25
8,VAL,PHE,E,27.85,0.7
8,VAL,GLY,E,27.85,1.58
8,VAL,HIS,E,27.85,0.58
8,VAL,ILE,E,27.85,0.91
8,VAL,LYS,E,27.85,0.94
8,VAL,LEU,E,27.85,0.97
8,VAL,MET,E,27.85,0.85
8,VAL,ASN,E,27.85,0.46
8,VAL,PRO,E,27.85,-0.18
8,VAL,GLN,E,27.85,0.85
8,VAL,ARG,E,27.85,0.66
8,VAL,SER,E,27.85,0.55
8,VAL,THR,E,27.85,0.25
8,VAL,TRP,E,27.85,0.45
8,VAL,TYR,E,27.85,0.69
9,LEU,ALA,E,0,2.93
9,LEU,CYS,E,0,1.93
9,LEU,ASP,E,0,3.78
9,LEU,GLU,E,0,3.53
9,LEU,PHE,E,0,1.02
9,LEU,GLY,E,0,4
9,LEU,HIS,E,0,2.14
9,LEU,ILE,E,0,0.72
9,LEU,LYS,E,0,3.05
9,LEU,MET,E,0,1.34
9,LEU,ASN,E,0,3.28
9,LEU,PRO,E,0,2.75
9,LEU,GLN,E,0,2.79
9,LEU,ARG,E,0,2.31
9,LEU,SER,E,0,3.17
9,LEU,THR,E,0,2.44
9,LEU,VAL,E,0,0.91
9,LEU,TRP,E,0,0.87
9,LEU,TYR,E,0,0.96
10,VAL,ALA,E,0,2.58
10,VAL,CYS,E,0,1.64
10,VAL,ASP,E,0,2.14
10,VAL,GLU,E,0,2.6
10,VAL,PHE,E,0,0.72
10,VAL,GLY,E,0,2.5
10,VAL,HIS,E,0,1.31
10,VAL,ILE,E,0,0.88
10,VAL,LYS,E,0,2.51
10,VAL,LEU,E,0,1.43
10,VAL,MET,E,0,1.45
10,VAL,ASN,E,0,1.56
10,VAL,PRO,E,0,3.47
10,VAL,GLN,E,0,2.21
10,VAL,ARG,E,0,1.93
10,VAL,SER,E,0,2.27
10,VAL,THR,E,0,1.58
10,VAL,TRP,E,0,1.2
10,VAL,TYR,E,0,1.02
11,ASP,ALA,C,39.72,0.49
11,ASP,CYS,C,39.72,0.64
11,ASP,GLU,C,39.72,0.96
11,ASP,PHE,C,39.72,0.77
11,ASP,GLY,C,39.72,1.23
11,ASP,HIS,C,39.72,0.52
11,ASP,ILE,C,39.72,0.7
11,ASP,LYS,C,39.72,1.09
11,ASP,LEU,C,39.72,0.78
11,ASP,MET,C,39.72,0.84
11,ASP,ASN,C,39.72,0.54
11,ASP,PRO,C,39.72,0.02
11,ASP,GLN,C,39.72,0.87
11,ASP,ARG,C,39.72,0.88
11,ASP,SER,C,39.72,0.51
11,ASP,THR,C,39.72,0.55
11,ASP,VAL,C,39.72,0.54
11,ASP,TRP,C,39.72,0.83
11,ASP,TYR,C,39.72,0.82
12,ASN,ALA,S,40.51,0.09
12,ASN,CYS,S,40.51,0.06
12,ASN,ASP,S,40.51,0.12
12,ASN,GLU,S,40.51,0.44
12,ASN,PHE,S,40.51,0.25
12,ASN,GLY,S,40.51,1.1
12,ASN,HIS,S,40.51,0.02
12,ASN,ILE,S,40.51,-0.07
12,ASN,LYS,S,40.51,0.46
12,ASN,LEU,S,40.51,-0.06
12,ASN,MET,S,40.51,0.16
12,ASN,PRO,S,40.51,0.26
12,ASN,GLN,S,40.51,0.21
12,ASN,ARG,S,40.51,0.45
12,ASN,SER,S,40.51,0.2
12,ASN,THR,S,40.51,-0.1
12,ASN,VAL,S,40.51,-0.22
12,ASN,TRP,S,40.51,0.56
12,ASN,TYR,S,40.51,0.2
13,GLY,ALA,S,81.25,0.62
13,GLY,CYS,S,81.25,0.64
13,GLY,ASP,S,81.25,0.41
13,GLY,GLU,S,81.25,0.88
13,GLY,PHE,S,81.25,1
13,GLY,HIS,S,81.25,0.53
13,GLY,ILE,S,81.25,1.62
13,GLY,LYS,S,81.25,0.93
13,GLY,LEU,S,81.25,1.09
13,GLY,MET,S,81.25,1.09
13,GLY,ASN,S,81.25,0.09
13,GLY,PRO,S,81.25,1.9
13,GLY,GLN,S,81.25,0.76
13,GLY,ARG,S,81.25,0.71
13,GLY,SER,S,81.25,0.57
13,GLY,THR,S,81.25,1.04
13,GLY,VAL,S,81.25,1.51
13,GLY,TRP,S,81.25,1.25
13,GLY,TYR,S,81.25,0.95
14,GLY,ALA,S,68.96,1.22
14,GLY,CYS,S,68.96,1.07
14,GLY,ASP,S,68.96,1.57
14,GLY,GLU,S,68.96,1.58
14,GLY,PHE,S,68.96,1.4
14,GLY,HIS,S,68.96,1.38
14,GLY,ILE,S,68.96,1.79
14,GLY,LYS,S,68.96,1.69
14,GLY,LEU,S,68.96,1.56
14,GLY,MET,S,68.96,1.39
14,GLY,ASN,S,68.96,1.23
14,GLY,PRO,S,68.96,2.38
14,GLY,GLN,S,68.96,1.52
14,GLY,ARG,S,68.96,1.43
14,GLY,SER,S,68.96,1.35
14,GLY,THR,S,68.96,1.71
14,GLY,VAL,S,68.96,1.65
14,GLY,TRP,S,68.96,1.62
14,GLY,TYR,S,68.96,1.45
15,THR,ALA,S,79.62,0.17
15,THR,CYS,S,79.62,-0.11
15,THR,ASP,S,79.62,0.49
15,THR,GLU,S,79.62,0.39
15,THR,PHE,S,79.62,0.59
15,THR,GLY,S,79.62,0.74
15,THR,HIS,S,79.62,0.24
15,THR,ILE,S,79.62,-0.01
15,THR,LYS,S,79.62,0.1
15,THR,LEU,S,79.62,0.18
15,THR,MET,S,79.62,0.29
15,THR,ASN,S,79.62,0.28
15,THR,PRO,S,79.62,1.49
15,THR,GLN,S,79.62,-0.02
15,THR,ARG,S,79.62,0.07
15,THR,SER,S,79.62,0.07
15,THR,VAL,S,79.62,-0.22
15,THR,TRP,S,79.62,0.66
15,THR,TYR,S,79.62,0.42
16,GLY,ALA,S,76.97,0.49
16,GLY,CYS,S,76.97,0.39
16,GLY,ASP,S,76.97,0.37
16,GLY,GLU,S,76.97,0.7
16,GLY,PHE,S,76.97,0.91
16,GLY,HIS,S,76.97,0.66
16,GLY,ILE,S,76.97,1.2
16,GLY,LYS,S,76.97,0.66
16,GLY,LEU,S,76.97,0.88
16,GLY,MET,S,76.97,0.74
16,GLY,ASN,S,76.97,0.37
16,GLY,PRO,S,76.97,0.92
16,GLY,GLN,S,76.97,0.6
16,GLY,ARG,S,76.97,0.7
16,GLY,SER,S,76.97,0.5
16,GLY,THR,S,76.97,1
16,GLY,VAL,S,76.97,1.09
16,GLY,TRP,S,76.97,0.99
16,GLY,TYR,S,76.97,0.98
17,ASP,ALA,C,26.23,0.21
17,ASP,CYS,C,26.23,0.27
17,ASP,GLU,C,26.23,-0.08
17,ASP,PHE,C,26.23,0.55
17,ASP,GLY,C,26.23,1.45
17,ASP,HIS,C,26.23,0.55
17,ASP,ILE,C,26.23,0
17,ASP,LYS,C,26.23,-0.16
17,ASP,LEU,C,26.23,0.18
17,ASP,MET,C,26.23,0.17
17,ASP,ASN,C,26.23,0.19
17,ASP,PRO,C,26.23,0.95
17,ASP,GLN,C,26.23,-0.02
17,ASP,ARG,C,26.23,0.24
17,ASP,SER,C,26.23,0.86
17,ASP,THR,C,26.23,0.44
17,ASP,VAL,C,26.23,0.04
17,ASP,TRP,C,26.23,0.48
17,ASP,TYR,C,26.23,0.47
18,VAL,ALA,E,13.67,1.64
18,VAL,CYS,E,13.67,1.38
18,VAL,ASP,E,13.67,2.13
18,VAL,GLU,E,13.67,1.98
18,VAL,PHE,E,13.67,0.55
18,VAL,GLY,E,13.67,2.88
18,VAL,HIS,E,13.67,1.11
18,VAL,ILE,E,13.67,0.59
18,VAL,LYS,E,13.67,1.71
18,VAL,LEU,E,13.67,0.64
18,VAL,MET,E,13.67,0.91
18,VAL,ASN,E,13.67,1.86
18,VAL,PRO,E,13.67,1.42
18,VAL,GLN,E,13.67,1.7
18,VAL,ARG,E,13.67,1.34
18,VAL,SER,E,13.67,2.05
18,VAL,THR,E,13.67,1.52
18,VAL,TRP,E,13.67,0.61
18,VAL,TYR,E,13.67,0.89
19,THR,ALA,E,33.75,0.97
19,THR,CYS,E,33.75,0.63
19,THR,ASP,E,33.75,1.09
19,THR,GLU,E,33.75,1
19,THR,PHE,E,33.75,0.58
19,THR,GLY,E,33.75,1.45
19,THR,HIS,E,33.75,0.57
19,THR,ILE,E,33.75,0.17
19,THR,LYS,E,33.75,0.83
19,THR,LEU,E,33.75,0.51
19,THR,MET,E,33.75,0.62
19,THR,ASN,E,33.75,0.89
19,THR,PRO,E,33.75,1.73
19,THR,GLN,E,33.75,0.76
19,THR,ARG,E,33.75,0.68
19,THR,SER,E,33.75,0.86
19,THR,VAL,E,33.75,-0.04
19,THR,TRP,E,33.75,0.74
19,THR,TYR,E,33.75,0.58
20,VAL,ALA,E,0,2.5
20,VAL,CYS,E,0,1.25
20,VAL,ASP,E,0,3.09
20,VAL,GLU,E,0,2.94
20,VAL,PHE,E,0,0.86
20,VAL,GLY,E,0,3.14
20,VAL,HIS,E,0,1.91
20,VAL,ILE,E,0,0.81
20,VAL,LYS,E,0,3.21
20,VAL,LEU,E,0,1.38
20,VAL,MET,E,0,1.59
20,VAL,ASN,E,0,2.6
20,VAL,PRO,E,0,3.55
20,VAL,GLN,E,0,2.63
20,VAL,ARG,E,0,2.69
20,VAL,SER,E,0,2.39
20,VAL,THR,E,0,1.89
20,VAL,TRP,E,0,1.02
20,VAL,TYR,E,0,0.78
21,ALA,CYS,E,23.56,0.44
21,ALA,ASP,E,23.56,0.98
21,ALA,GLU,E,23.56,0.52
21,ALA,PHE,E,23.56,0.56
21,ALA,GLY,E,23.56,1.09
21,ALA,HIS,E,23.56,0.36
21,ALA,ILE,E,23.56,0.55
21,ALA,LYS,E,23.56,0.61
21,ALA,LEU,E,23.56,0.69
21,ALA,MET,E,23.56,0.66
21,ALA,ASN,E,23.56,0.73
21,ALA,PRO,E,23.56,1.77
21,ALA,GLN,E,23.56,0.33
21,ALA,ARG,E,23.56,0.4
21,ALA,SER,E,23.56,0.62
21,ALA,THR,E,23.56,0.35
21,ALA,VAL,E,23.56,0.49
21,ALA,TRP,E,23.56,0.47
21,ALA,TYR,E,23.56,0.27
22,PRO,ALA,E,37.3,1.12
22,PRO,CYS,E,37.3,0.64
22,PRO,ASP,E,37.3,0.68
22,PRO,GLU,E,37.3,1.28
22,PRO,PHE,E,37.3,0.67
22,PRO,GLY,E,37.3,1.18
22,PRO,HIS,E,37.3,0.62
22,PRO,ILE,E,37.3,0.69
22,PRO,LYS,E,37.3,1.35
22,PRO,LEU,E,37.3,0.66
22,PRO,MET,E,37.3,1.06
22,PRO,ASN,E,37.3,0.8
22,PRO,GLN,E,37.3,1.11
22,PRO,ARG,E,37.3,1.19
22,PRO,SER,E,37.3,0.93
22,PRO,THR,E,37.3,0.86
22,PRO,VAL,E,37.3,0.64
22,PRO,TRP,E,37.3,0.89
22,PRO,TYR,E,37.3,1.07
23,SER,ALA,E,39.71,0.54
23,SER,CYS,E,39.71,0.46
23,SER,ASP,E,39.71,0.6
23,SER,GLU,E,39.71,1.27
23,SER,PHE,E,39.71,0.89
23,SER,GLY,E,39.71,0.72
23,SER,HIS,E,39.71,0.8
23,SER,ILE,E,39.71,0.79
23,SER,LYS,E,39.71,1.43
23,SER,LEU,E,39.71,0.87
23,SER,MET,E,39.71,1.01
23,SER,ASN,E,39.71,0.65
23,SER,PRO,E,39.71,0.39
23,SER,GLN,E,39.71,0.94
23,SER,ARG,E,39.71,1.46
23,SER,THR,E,39.71,0.23
23,SER,VAL,E,39.71,0.44
23,SER,TRP,E,39.71,1.15
23,SER,TYR,E,39.71,1.28
24,ASN,ALA,E,48.34,0.65
24,ASN,CYS,E,48.34,0.28
24,ASN,ASP,E,48.34,0.41
24,ASN,GLU,E,48.34,0.62
24,ASN,PHE,E,48.34,0.3
24,ASN,GLY,E,48.34,0.73
24,ASN,HIS,E,48.34,0.14
24,ASN,ILE,E,48.34,0.35
24,ASN,LYS,E,48.34,0.74
24,ASN,LEU,E,48.34,0.71
24,ASN,MET,E,48.34,0.59
24,ASN,PRO,E,48.34,2.38
24,ASN,GLN,E,48.34,0.54
24,ASN,ARG,E,48.34,0.53
24,ASN,SER,E,48.34,0.38
24,ASN,THR,E,48.34,0.15
24,ASN,VAL,E,48.34,0.11
24,ASN,TRP,E,48.34,0.66
24,ASN,TYR,E,48.34,0.45
25,PHE,ALA,E,40.99,1.62
25,PHE,CYS,E,40.99,1.18
25,PHE,ASP,E,40.99,1.51
25,PHE,GLU,E,40.99,1.14
25,PHE,GLY,E,40.99,2.36
25,PHE,HIS,E,40.99,0.75
25,PHE,ILE,E,40.99,0.53
25,PHE,LYS,E,40.99,0.99
25,PHE,LEU,E,40.99,0.52
25,PHE,MET,E,40.99,0.83
25,PHE,ASN,E,40.99,1.31
25,PHE,PRO,E,40.99,2.13
25,PHE,GLN,E,40.99,0.78
25,PHE,ARG,E,40.99,0.98
25,PHE,SER,E,40.99,1.44
25,PHE,THR,E,40.99,1.03
25,PHE,VAL,E,40.99,0.8
25,PHE,TRP,E,40.99,0.42
25,PHE,TYR,E,40.99,0.34
26,ALA,CYS,E,33.59,-0.14
26,ALA,ASP,E,33.59,-0.06
26,ALA,GLU,E,33.59,-0.12
26,ALA,PHE,E,33.59,-0.15
26,ALA,GLY,E,33.59,0.39
26,ALA,HIS,E,33.59,-0.23
26,ALA,ILE,E,33.59,-0.33
26,ALA,LYS,E,33.59,-0.21
26,ALA,LEU,E,33.59,0.2
26,ALA,MET,E,33.59,0.23
26,ALA,ASN,E,33.59,0
26,ALA,PRO,E,33.59,0.93
26,ALA,GLN,E,33.59,-0.04
26,ALA,ARG,E,33.59,-0.02
26,ALA,SER,E,33.59,-0.19
26,ALA,THR,E,33.59,-0.29
26,ALA,VAL,E,33.59,-0.47
26,ALA,TRP,E,33.59,0.01
26,ALA,TYR,E,33.59,-0.41
27,ASN,ALA,T,100,0.96
27,ASN,CYS,T,100,0.87
27,ASN,ASP,T,100,0.07
27,ASN,GLU,T,100,0.73
27,ASN,PHE,T,100,1.33
27,ASN,GLY,T,100,0.67
27,ASN,HIS,T,100,0.6
27,ASN,ILE,T,100,1.77
27,ASN,LYS,T,100,0.87
27,ASN,LEU,T,100,1.43
27,ASN,MET,T,100,1.33
27,ASN,PRO,T,100,1.47
27,ASN,GLN,T,100,0.81
27,ASN,ARG,T,100,0.87
27,ASN,SER,T,100,0.67
27,ASN,THR,T,100,1.25
27,ASN,VAL,T,100,1.57
27,ASN,TRP,T,100,1.48
27,ASN,TYR,T,100,1.15
28,GLY,ALA,T,41.4,1.82
28,GLY,CYS,T,41.4,1.42
28,GLY,ASP,T,41.4,1.77
28,GLY,GLU,T,41.4,2.5
28,GLY,PHE,T,41.4,1.95
28,GLY,HIS,T,41.4,1.81
28,GLY,ILE,T,41.4,2.6
28,GLY,LYS,T,41.4,2.29
28,GLY,LEU,T,41.4,2.09
28,GLY,MET,T,41.4,2.04
28,GLY,ASN,T,41.4,1.35
28,GLY,PRO,T,41.4,2.74
28,GLY,GLN,T,41.4,2.17
28,GLY,ARG,T,41.4,2.27
28,GLY,SER,T,41.4,1.82
28,GLY,THR,T,41.4,2.26
28,GLY,VAL,T,41.4,2.32
28,GLY,TRP,T,41.4,2.2
28,GLY,TYR,T,41.4,2.06
29,VAL,ALA,E,35.53,1.28
29,VAL,CYS,E,35.53,0.75
29,VAL,ASP,E,35.53,1.18
29,VAL,GLU,E,35.53,0.97
29,VAL,PHE,E,35.53,0.86
29,VAL,GLY,E,35.53,1.71
29,VAL,HIS,E,35.53,0.57
29,VAL,ILE,E,35.53,0.52
29,VAL,LYS,E,35.53,0.53
29,VAL,LEU,E,35.53,0.98
29,VAL,MET,E,35.53,0.91
29,VAL,ASN,E,35.53,0.82
29,VAL,PRO,E,35.53,2.38
29,VAL,GLN,E,35.53,0.52
29,VAL,ARG,E,35.53,0.73
29,VAL,SER,E,35.53,1.03
29,VAL,THR,E,35.53,0.48
29,VAL,TRP,E,35.53,1.26
29,VAL,TYR,E,35.53,0.97
30,ALA,CYS,E,0,0.47
30,ALA,ASP,E,0,1.45
30,ALA,GLU,E,0,1.74
30,ALA,PHE,E,0,0.03
30,ALA,GLY,E,0,1.6
30,ALA,HIS,E,0,0.49
30,ALA,ILE,E,0,0.45
30,ALA,LYS,E,0,1.73
30,ALA,LEU,E,0,0.46
30,ALA,MET,E,0,0.6
30,ALA,ASN,E,0,1.38
30,ALA,PRO,E,0,0.94
30,ALA,GLN,E,0,1.22
30,ALA,ARG,E,0,1.64
30,ALA,SER,E,0,1.08
30,ALA,THR,E,0,0.82
30,ALA,VAL,E,0,0.41
30,ALA,TRP,E,0,-0.03
30,ALA,TYR,E,0,0.18
31,GLU,ALA,E,16.41,0.86
31,GLU,CYS,E,16.41,0.12
31,GLU,ASP,E,16.41,0.98
31,GLU,PHE,E,16.41,-0.35
31,GLU,GLY,E,16.41,1.25
31,GLU,HIS,E,16.41,-0.14
31,GLU,ILE,E,16.41,-0.9
31,GLU,LYS,E,16.41,0.39
31,GLU,LEU,E,16.41,-0.64
31,GLU,MET,E,16.41,-0.27
31,GLU,ASN,E,16.41,0.71
31,GLU,PRO,E,16.41,0.97
31,GLU,GLN,E,16.41,0.36
31,GLU,ARG,E,16.41,0.33
31,GLU,SER,E,16.41,0.87
31,GLU,THR,E,16.41,-0.17
31,GLU,VAL,E,16.41,-0.67
31,GLU,TRP,E,16.41,-0.07
31,GLU,TYR,E,16.41,-0.54
32,TRP,ALA,E,0,4.59
32,TRP,CYS,E,0,2.81
32,TRP,ASP,E,0,4.3
32,TRP,GLU,E,0,4.39
32,TRP,PHE,E,0,1.03
32,TRP,GLY,E,0,4.79
32,TRP,HIS,E,0,2.42
32,TRP,ILE,E,0,2.05
32,TRP,LYS,E,0,4.34
32,TRP,LEU,E,0,1.95
32,TRP,MET,E,0,2.04
32,TRP,ASN,E,0,3.43
32,TRP,PRO,E,0,4.54
32,TRP,GLN,E,0,3.77
32,TRP,ARG,E,0,3.29
32,TRP,SER,E,0,3.94
32,TRP,THR,E,0,3.17
32,TRP,VAL,E,0,2.46
32,TRP,TYR,E,0,1.05
33,ILE,ALA,E,8.3,2.34
33,ILE,CYS,E,8.3,1.41
33,ILE,ASP,E,8.3,1.68
33,ILE,GLU,E,8.3,1.93
33,ILE,PHE,E,8.3,0.62
33,ILE,GLY,E,8.3,2.49
33,ILE,HIS,E,8.3,0.77
33,ILE,LYS,E,8.3,1.53
33,ILE,LEU,E,8.3,1.25
33,ILE,MET,E,8.3,1.19
33,ILE,ASN,E,8.3,1.47
33,ILE,PRO,E,8.3,2.53
33,ILE,GLN,E,8.3,1.41
33,ILE,ARG,E,8.3,1.34
33,ILE,SER,E,8.3,1.59
33,ILE,THR,E,8.3,1.13
33,ILE,VAL,E,8.3,1.03
33,ILE,TRP,E,8.3,1.16
33,ILE,TYR,E,8.3,0.84
34,SER,ALA,S,27.46,0.39
34,SER,CYS,S,27.46,0.58
34,SER,ASP,S,27.46,0.88
34,SER,GLU,S,27.46,0.51
34,SER,PHE,S,27.46,0.27
34,SER,GLY,S,27.46,1.26
34,SER,HIS,S,27.46,0.42
34,SER,ILE,S,27.46,0.27
34,SER,LYS,S,27.46,0.57
34,SER,LEU,S,27.46,0.26
34,SER,MET,S,27.46,0.51
34,SER,ASN,S,27.46,1.07
34,SER,PRO,S,27.46,0.54
34,SER,GLN,S,27.46,0.58
34,SER,ARG,S,27.46,0.64
34,SER,THR,S,27.46,0.48
34,SER,VAL,S,27.46,0.14
34,SER,TRP,S,27.46,0.07
34,SER,TYR,S,27.46,0.22
35,SER,ALA,S,50.12,0.67
35,SER,CYS,S,50.12,0.33
35,SER,ASP,S,50.12,0.57
35,SER,GLU,S,50.12,0.69
35,SER,PHE,S,50.12,0.67
35,SER,GLY,S,50.12,0.6
35,SER,HIS,S,50.12,0.55
35,SER,ILE,S,50.12,0.83
35,SER,LYS,S,50.12,0.82
35,SER,LEU,S,50.12,1.05
35,SER,MET,S,50.12,0.93
35,SER,ASN,S,50.12,0.42
35,SER,PRO,S,50.12,2.15
35,SER,GLN,S,50.12,0.66
35,SER,ARG,S,50.12,0.98
35,SER,THR,S,50.12,0.28
35,SER,VAL,S,50.12,0.59
35,SER,TRP,S,50.12,0.89
35,SER,TYR,S,50.12,0.6
36,ASN,ALA,S,82.86,0.35
36,ASN,CYS,S,82.86,-0.13
36,ASN,ASP,S,82.86,0.04
36,ASN,GLU,S,82.86,0.34
36,ASN,PHE,S,82.86,0.24
36,ASN,GLY,S,82.86,0.52
36,ASN,HIS,S,82.86,0.18
36,ASN,ILE,S,82.86,0.14
36,ASN,LYS,S,82.86,0.39
36,ASN,LEU,S,82.86,0.5
36,ASN,MET,S,82.86,0.42
36,ASN,PRO,S,82.86,0.45
36,ASN,GLN,S,82.86,0.26
36,ASN,ARG,S,82.86,0.29
36,ASN,SER,S,82.86,0
36,ASN,THR,S,82.86,-0.09
36,ASN,VAL,S,82.86,-0.04
36,ASN,TRP,S,82.86,0.27
36,ASN,TYR,S,82.86,0.21
37,PRO,ALA,C,30.26,2.32
37,PRO,CYS,C,30.26,1.54
37,PRO,ASP,C,30.26,1.24
37,PRO,GLU,C,30.26,1.85
37,PRO,PHE,C,30.26,1.5
37,PRO,GLY,C,30.26,2.42
37,PRO,HIS,C,30.26,1.47
37,PRO,ILE,C,30.26,1.84
37,PRO,LYS,C,30.26,1.95
37,PRO,LEU,C,30.26,1.94
37,PRO,MET,C,30.26,1.6
37,PRO,ASN,C,30.26,1.34
37,PRO,GLN,C,30.26,1.78
37,PRO,ARG,C,30.26,1.79
37,PRO,SER,C,30.26,1.54
37,PRO,THR,C,30.26,1.34
37,PRO,VAL,C,30.26,1.85
37,PRO,TRP,C,30.26,1.28
37,PRO,TYR,C,30.26,1.57
38,ARG,ALA,T,44.97,0.24
38,ARG,CYS,T,44.97,-0.14
38,ARG,ASP,T,44.97,-0.1
38,ARG,GLU,T,44.97,0.22
38,ARG,PHE,T,44.97,-0.15
38,ARG,GLY,T,44.97,0.88
38,ARG,HIS,T,44.97,-0.39
38,ARG,ILE,T,44.97,0.05
38,ARG,LYS,T,44.97,0.21
38,ARG,LEU,T,44.97,-0.25
38,ARG,MET,T,44.97,-0.18
38,ARG,ASN,T,44.97,-0.18
38,ARG,PRO,T,44.97,-0.39
38,ARG,GLN,T,44.97,0.04
38,ARG,SER,T,44.97,-0.13
38,ARG,THR,T,44.97,-0.23
38,ARG,VAL,T,44.97,0.13
38,ARG,TRP,T,44.97,0.03
38,ARG,TYR,T,44.97,-0.2
39,SER,ALA,T,34.22,0.77
39,SER,CYS,T,34.22,0.68
39,SER,ASP,T,34.22,0.88
39,SER,GLU,T,34.22,1.04
39,SER,PHE,T,34.22,0.77
39,SER,GLY,T,34.22,1.18
39,SER,HIS,T,34.22,0.72
39,SER,ILE,T,34.22,0.47
39,SER,LYS,T,34.22,1.04
39,SER,LEU,T,34.22,0.46
39,SER,MET,T,34.22,0.66
39,SER,ASN,T,34.22,0.86
39,SER,PRO,T,34.22,0.95
39,SER,GLN,T,34.22,0.91
39,SER,ARG,T,34.22,0.7
39,SER,THR,T,34.22,0.55
39,SER,VAL,T,34.22,0.38
39,SER,TRP,T,34.22,0.56
39,SER,TYR,T,34.22,0.87
40,GLN,ALA,T,21.36,1.14
40,GLN,CYS,T,21.36,0.48
40,GLN,ASP,T,21.36,0.65
40,GLN,GLU,T,21.36,0.89
40,GLN,PHE,T,21.36,-0.55
40,GLN,GLY,T,21.36,1.35
40,GLN,HIS,T,21.36,-0.05
40,GLN,ILE,T,21.36,0.02
40,GLN,LYS,T,21.36,0.9
40,GLN,LEU,T,21.36,-0.24
40,GLN,MET,T,21.36,-0.18
40,GLN,ASN,T,21.36,0.32
40,GLN,PRO,T,21.36,0.84
40,GLN,ARG,T,21.36,0.38
40,GLN,SER,T,21.36,0.91
40,GLN,THR,T,21.36,0.26
40,GLN,VAL,T,21.36,0.14
40,GLN,TRP,T,21.36,-0.39
40,GLN,TYR,T,21.36,-0.4
41,ALA,CYS,C,0.12,0.88
41,ALA,ASP,C,0.12,1.62
41,ALA,GLU,C,0.12,1.59
41,ALA,PHE,C,0.12,1.23
41,ALA,GLY,C,0.12,0.68
41,ALA,HIS,C,0.12,1.67
41,ALA,ILE,C,0.12,0.96
41,ALA,LYS,C,0.12,1.56
41,ALA,LEU,C,0.12,1.2
41,ALA,MET,C,0.12,1.12
41,ALA,ASN,C,0.12,1.62
41,ALA,PRO,C,0.12,1.97
41,ALA,GLN,C,0.12,1.61
41,ALA,ARG,C,0.12,1.4
41,ALA,SER,C,0.12,1.02
41,ALA,THR,C,0.12,0.97
41,ALA,VAL,C,0.12,0.48
41,ALA,TRP,C,0.12,1.08
41,ALA,TYR,C,0.12,1.27
42,TYR,ALA,C,11.74,2.76
42,TYR,CYS,C,11.74,1.91
42,TYR,ASP,C,11.74,3
42,TYR,GLU,C,11.74,3.01
42,TYR,PHE,C,11.74,0.65
42,TYR,GLY,C,11.74,3.76
42,TYR,HIS,C,11.74,1.89
42,TYR,ILE,C,11.74,1.1
42,TYR,LYS,C,11.74,2.32
42,TYR,LEU,C,11.74,1.45
42,TYR,MET,C,11.74,1.52
42,TYR,ASN,C,11.74,2.54
42,TYR,PRO,C,11.74,1.46
42,TYR,GLN,C,11.74,2.52
42,TYR,ARG,C,11.74,2.06
42,TYR,SER,C,11.74,2.64
42,TYR,THR,C,11.74,1.9
42,TYR,VAL,C,11.74,1.28
42,TYR,TRP,C,11.74,0.77
43,LYS,ALA,E,23.87,1.02
43,LYS,CYS,E,23.87,0.54
43,LYS,ASP,E,23.87,1.36
43,LYS,GLU,E,23.87,0.71
43,LYS,PHE,E,23.87,0.2
43,LYS,GLY,E,23.87,1.71
43,LYS,HIS,E,23.87,0.17
43,LYS,ILE,E,23.87,-0.36
43,LYS,LEU,E,23.87,-0.13
43,LYS,MET,E,23.87,-0.02
43,LYS,ASN,E,23.87,0.83
43,LYS,PRO,E,23.87,1.55
43,LYS,GLN,E,23.87,0.64
43,LYS,ARG,E,23.87,0.01
43,LYS,SER,E,23.87,0.67
43,LYS,THR,E,23.87,0.08
43,LYS,VAL,E,23.87,-0.2
43,LYS,TRP,E,23.87,0.21
43,LYS,TYR,E,23.87,0.15
44,VAL,ALA,E,0.41,2.85
44,VAL,CYS,E,0.41,1.92
44,VAL,ASP,E,0.41,3.98
44,VAL,GLU,E,0.41,4.18
44,VAL,PHE,E,0.41,1
44,VAL,GLY,E,0.41,3.97
44,VAL,HIS,E,0.41,2.43
44,VAL,ILE,E,0.41,0.75
44,VAL,LYS,E,0.41,3.84
44,VAL,LEU,E,0.41,1.18
44,VAL,MET,E,0.41,1.39
44,VAL,ASN,E,0.41,3.51
44,VAL,PRO,E,0.41,3.89
44,VAL,GLN,E,0.41,3.38
44,VAL,ARG,E,0.41,3.07
44,VAL,SER,E,0.41,3.27
44,VAL,THR,E,0.41,2.37
44,VAL,TRP,E,0.41,1.14
44,VAL,TYR,E,0.41,1.04
45,THR,ALA,E,10.77,1.67
45,THR,CYS,E,10.77,0.98
45,THR,ASP,E,10.77,2.16
45,THR,GLU,E,10.77,1.5
45,THR,PHE,E,10.77,1.01
45,THR,GLY,E,10.77,2.5
45,THR,HIS,E,10.77,1.1
45,THR,ILE,E,10.77,0.56
45,THR,LYS,E,10.77,1.66
45,THR,LEU,E,10.77,1.09
45,THR,MET,E,10.77,1.18
45,THR,ASN,E,10.77,1.7
45,THR,PRO,E,10.77,2.74
45,THR,GLN,E,10.77,1.41
45,THR,ARG,E,10.77,1.32
45,THR,SER,E,10.77,1.49
45,THR,VAL,E,10.77,0.53
45,THR,TRP,E,10.77,0.89
45,THR,TYR,E,10.77,0.75
46,CYS,ALA,E,1.24,1.9
46,CYS,ASP,E,1.24,3.38
46,CYS,GLU,E,1.24,3.94
46,CYS,PHE,E,1.24,0.3
46,CYS,GLY,E,1.24,2.97
46,CYS,HIS,E,1.24,2.03
46,CYS,ILE,E,1.24,0.71
46,CYS,LYS,E,1.24,3.6
46,CYS,LEU,E,1.24,1.02
46,CYS,MET,E,1.24,1.19
46,CYS,ASN,E,1.24,2.92
46,CYS,PRO,E,1.24,3.89
46,CYS,GLN,E,1.24,2.9
46,CYS,ARG,E,1.24,2.95
46,CYS,SER,E,1.24,2.28
46,CYS,THR,E,1.24,2.11
46,CYS,VAL,E,1.24,0.81
46,CYS,TRP,E,1.24,1.05
46,CYS,TYR,E,1.24,0.62
47,SER,ALA,E,22.99,0.93
47,SER,CYS,E,22.99,0.8
47,SER,ASP,E,22.99,1.43
47,SER,GLU,E,22.99,0.98
47,SER,PHE,E,22.99,0.71
47,SER,GLY,E,22.99,1.43
47,SER,HIS,E,22.99,0.75
47,SER,ILE,E,22.99,0.76
47,SER,LYS,E,22.99,1.22
47,SER,LEU,E,22.99,0.95
47,SER,MET,E,22.99,0.9
47,SER,ASN,E,22.99,1.08
47,SER,PRO,E,22.99,2.23
47,SER,GLN,E,22.99,0.87
47,SER,ARG,E,22.99,0.7
47,SER,THR,E,22.99,0.38
47,SER,VAL,E,22.99,0.42
47,SER,TRP,E,22.99,0.53
47,SER,TYR,E,22.99,0.41
48,VAL,ALA,E,19.79,1.79
48,VAL,CYS,E,19.79,1.12
48,VAL,ASP,E,19.79,1.82
48,VAL,GLU,E,19.79,2.3
48,VAL,PHE,E,19.79,0.11
48,VAL,GLY,E,19.79,2.04
48,VAL,HIS,E,19.79,0.85
48,VAL,ILE,E,19.79,0.31
48,VAL,LYS,E,19.79,2.04
48,VAL,LEU,E,19.79,0.62
48,VAL,MET,E,19.79,0.59
48,VAL,ASN,E,19.79,1.38
48,VAL,PRO,E,19.79,2.36
48,VAL,GLN,E,19.79,1.66
48,VAL,ARG,E,19.79,1.42
48,VAL,SER,E,19.79,1.49
48,VAL,THR,E,19.79,1.18
48,VAL,TRP,E,19.79,0.24
48,VAL,TYR,E,19.79,0.29
49,ARG,ALA,E,59.94,0.32
49,ARG,CYS,E,59.94,-0.18
49,ARG,ASP,E,59.94,0.35
49,ARG,GLU,E,59.94,0.27
49,ARG,PHE,E,59.94,-0.03
49,ARG,GLY,E,59.94,0.6
49,ARG,HIS,E,59.94,-0.1
49,ARG,ILE,E,59.94,-0.29
49,ARG,LYS,E,59.94,0.08
49,ARG,LEU,E,59.94,0.09
49,ARG,MET,E,59.94,0.14
49,ARG,ASN,E,59.94,0.14
49,ARG,PRO,E,59.94,1.25
49,ARG,GLN,E,59.94,0.06
49,ARG,SER,E,59.94,0.19
49,ARG,THR,E,59.94,-0.24
49,ARG,VAL,E,59.94,-0.34
49,ARG,TRP,E,59.94,0.18
49,ARG,TYR,E,59.94,0
50,GLN,ALA,E,53.1,-0.1
50,GLN,CYS,E,53.1,-0.6
50,GLN,ASP,E,53.1,-0.3
50,GLN,GLU,E,53.1,-0.03
50,GLN,PHE,E,53.1,-0.19
50,GLN,GLY,E,53.1,0.22
50,GLN,HIS,E,53.1,-0.15
50,GLN,ILE,E,53.1,-0.41
50,GLN,LYS,E,53.1,0.14
50,GLN,LEU,E,53.1,-0.22
50,GLN,MET,E,53.1,0.07
50,GLN,ASN,E,53.1,-0.29
50,GLN,PRO,E,53.1,-0.82
50,GLN,ARG,E,53.1,0.01
50,GLN,SER,E,53.1,-0.24
50,GLN,THR,E,53.1,-0.21
50,GLN,VAL,E,53.1,-0.64
50,GLN,TRP,E,53.1,-0.14
50,GLN,TYR,E,53.1,0.04
51,SER,ALA,C,32.71,0.61
51,SER,CYS,C,32.71,0.31
51,SER,ASP,C,32.71,0.51
51,SER,GLU,C,32.71,0.75
51,SER,PHE,C,32.71,0.61
51,SER,GLY,C,32.71,0.91
51,SER,HIS,C,32.71,0.44
51,SER,ILE,C,32.71,0.47
51,SER,LYS,C,32.71,0.84
51,SER,LEU,C,32.71,0.46
51,SER,MET,C,32.71,0.53
51,SER,ASN,C,32.71,0.5
51,SER,PRO,C,32.71,0.29
51,SER,GLN,C,32.71,0.6
51,SER,ARG,C,32.71,0.76
51,SER,THR,C,32.71,0.15
51,SER,VAL,C,32.71,0.27
51,SER,TRP,C,32.71,0.54
51,SER,TYR,C,32.71,0.57
52,SER,ALA,S,45.62,0.73
52,SER,CYS,S,45.62,0.29
52,SER,ASP,S,45.62,0.05
52,SER,GLU,S,45.62,1.17
52,SER,PHE,S,45.62,1.11
52,SER,GLY,S,45.62,1.06
52,SER,HIS,S,45.62,0.68
52,SER,ILE,S,45.62,0.92
52,SER,LYS,S,45.62,1.28
52,SER,LEU,S,45.62,1.33
52,SER,MET,S,45.62,1.31
52,SER,ASN,S,45.62,0.31
52,SER,PRO,S,45.62,2.52
52,SER,GLN,S,45.62,1.15
52,SER,ARG,S,45.62,1.2
52,SER,THR,S,45.62,0.4
52,SER,VAL,S,45.62,0.87
52,SER,TRP,S,45.62,1.35
52,SER,TYR,S,45.62,1.05
53,ALA,CYS,S,81.23,-0.02
53,ALA,ASP,S,81.23,0.03
53,ALA,GLU,S,81.23,0.28
53,ALA,PHE,S,81.23,0.55
53,ALA,GLY,S,81.23,0.08
53,ALA,HIS,S,81.23,0.38
53,ALA,ILE,S,81.23,0.46
53,ALA,LYS,S,81.23,0.45
53,ALA,LEU,S,81.23,0.54
53,ALA,MET,S,81.23,0.56
53,ALA,ASN,S,81.23,0.21
53,ALA,PRO,S,81.23,-0.41
53,ALA,GLN,S,81.23,0.42
53,ALA,ARG,S,81.23,0.52
53,ALA,SER,S,81.23,-0.1
53,ALA,THR,S,81.23,0.09
53,ALA,VAL,S,81.23,0.38
53,ALA,TRP,S,81.23,0.52
53,ALA,TYR,S,81.23,0.67
54,GLN,ALA,S,58.91,0.27
54,GLN,CYS,S,58.91,0.23
54,GLN,ASP,S,58.91,-0.29
54,GLN,GLU,S,58.91,0.11
54,GLN,PHE,S,58.91,0.11
54,GLN,GLY,S,58.91,0.28
54,GLN,HIS,S,58.91,-0.24
54,GLN,ILE,S,58.91,0.23
54,GLN,LYS,S,58.91,0.12
54,GLN,LEU,S,58.91,0.14
54,GLN,MET,S,58.91,0.13
54,GLN,ASN,S,58.91,-0.3
54,GLN,PRO,S,58.91,1.06
54,GLN,ARG,S,58.91,0
54,GLN,SER,S,58.91,-0.16
54,GLN,THR,S,58.91,-0.25
54,GLN,VAL,S,58.91,0.2
54,GLN,TRP,S,58.91,0.15
54,GLN,TYR,S,58.91,0.2
55,ASN,ALA,E,22.92,1.56
55,ASN,CYS,E,22.92,0.66
55,ASN,ASP,E,22.92,0.76
55,ASN,GLU,E,22.92,1.14
55,ASN,PHE,E,22.92,-0.16
55,ASN,GLY,E,22.92,1.32
55,ASN,HIS,E,22.92,0.27
55,ASN,ILE,E,22.92,0.29
55,ASN,LYS,E,22.92,1.25
55,ASN,LEU,E,22.92,0.42
55,ASN,MET,E,22.92,0.27
55,ASN,PRO,E,22.92,2.48
55,ASN,GLN,E,22.92,0.77
55,ASN,ARG,E,22.92,0.57
55,ASN,SER,E,22.92,0.93
55,ASN,THR,E,22.92,0.1
55,ASN,VAL,E,22.92,0.03
55,ASN,TRP,E,22.92,0.22
55,ASN,TYR,E,22.92,0
56,ARG,ALA,E,19.49,1.84
56,ARG,CYS,E,19.49,1.21
56,ARG,ASP,E,19.49,2.02
56,ARG,GLU,E,19.49,1.54
56,ARG,PHE,E,19.49,-0.03
56,ARG,GLY,E,19.49,2.7
56,ARG,HIS,E,19.49,0.73
56,ARG,ILE,E,19.49,0.19
56,ARG,LYS,E,19.49,1.06
56,ARG,LEU,E,19.49,0.3
56,ARG,MET,E,19.49,0.77
56,ARG,ASN,E,19.49,1.52
56,ARG,PRO,E,19.49,2.34
56,ARG,GLN,E,19.49,0.92
56,ARG,SER,E,19.49,2.04
56,ARG,THR,E,19.49,1.2
56,ARG,VAL,E,19.49,0.27
56,ARG,TRP,E,19.49,0.09
56,ARG,TYR,E,19.49,0.18
57,LYS,ALA,E,22.32,1.22
57,LYS,CYS,E,22.32,0.88
57,LYS,ASP,E,22.32,1.49
57,LYS,GLU,E,22.32,0.7
57,LYS,PHE,E,22.32,0.48
57,LYS,GLY,E,22.32,1.85
57,LYS,HIS,E,22.32,0.42
57,LYS,ILE,E,22.32,0.1
57,LYS,LEU,E,22.32,0.39
57,LYS,MET,E,22.32,0.5
57,LYS,ASN,E,22.32,0.96
57,LYS,PRO,E,22.32,1.88
57,LYS,GLN,E,22.32,0.41
57,LYS,ARG,E,22.32,0.19
57,LYS,SER,E,22.32,1.35
57,LYS,THR,E,22.32,0.37
57,LYS,VAL,E,22.32,0.12
57,LYS,TRP,E,22.32,0.33
57,LYS,TYR,E,22.32,0.26
58,TYR,ALA,E,0.16,3.52
58,TYR,CYS,E,0.16,2.72
58,TYR,ASP,E,0.16,4.25
58,TYR,GLU,E,0.16,4.35
58,TYR,PHE,E,0.16,0.59
58,TYR,GLY,E,0.16,4.55
58,TYR,HIS,E,0.16,2.52
58,TYR,ILE,E,0.16,1.78
58,TYR,LYS,E,0.16,3.47
58,TYR,LEU,E,0.16,1.54
58,TYR,MET,E,0.16,1.96
58,TYR,ASN,E,0.16,3.76
58,TYR,PRO,E,0.16,2.82
58,TYR,GLN,E,0.16,3.82
58,TYR,ARG,E,0.16,2.74
58,TYR,SER,E,0.16,3.96
58,TYR,THR,E,0.16,3.16
58,TYR,VAL,E,0.16,1.89
58,TYR,TRP,E,0.16,0.64
59,THR,ALA,E,19.9,2.19
59,THR,CYS,E,19.9,1.47
59,THR,ASP,E,19.9,1.5
59,THR,GLU,E,19.9,1.29
59,THR,PHE,E,19.9,1.6
59,THR,GLY,E,19.9,2.33
59,THR,HIS,E,19.9,1.09
59,THR,ILE,E,19.9,1.16
59,THR,LYS,E,19.9,1.33
59,THR,LEU,E,19.9,1.73
59,THR,MET,E,19.9,1.54
59,THR,ASN,E,19.9,1.42
59,THR,PRO,E,19.9,2.14
59,THR,GLN,E,19.9,1.23
59,THR,ARG,E,19.9,1.08
59,THR,SER,E,19.9,1.42
59,THR,VAL,E,19.9,0.81
59,THR,TRP,E,19.9,1.55
59,THR,TYR,E,19.9,1.23
60,ILE,ALA,E,0.13,3.25
60,ILE,CYS,E,0.13,2.14
60,ILE,ASP,E,0.13,4.2
60,ILE,GLU,E,0.13,3.95
60,ILE,PHE,E,0.13,0.44
60,ILE,GLY,E,0.13,4.2
60,ILE,HIS,E,0.13,2.12
60,ILE,LYS,E,0.13,3.93
60,ILE,LEU,E,0.13,1.04
60,ILE,MET,E,0.13,1.53
60,ILE,ASN,E,0.13,3.5
60,ILE,PRO,E,0.13,4.5
60,ILE,GLN,E,0.13,3.13
60,ILE,ARG,E,0.13,2.89
60,ILE,SER,E,0.13,3.39
60,ILE,THR,E,0.13,2.47
60,ILE,VAL,E,0.13,1.18
60,ILE,TRP,E,0.13,1.24
60,ILE,TYR,E,0.13,0.88
61,LYS,ALA,E,43.84,0.07
61,LYS,CYS,E,43.84,-0.49
61,LYS,ASP,E,43.84,0.42
61,LYS,GLU,E,43.84,0.39
61,LYS,PHE,E,43.84,-0.47
61,LYS,GLY,E,43.84,0.61
61,LYS,HIS,E,43.84,-0.38
61,LYS,ILE,E,43.84,-0.99
61,LYS,LEU,E,43.84,-0.72
61,LYS,MET,E,43.84,-0.43
61,LYS,ASN,E,43.84,0.06
61,LYS,PRO,E,43.84,1.3
61,LYS,GLN,E,43.84,0.03
61,LYS,ARG,E,43.84,-0.19
61,LYS,SER,E,43.84,-0.17
61,LYS,THR,E,43.84,-0.74
61,LYS,VAL,E,43.84,-1.04
61,LYS,TRP,E,43.84,-0.05
61,LYS,TYR,E,43.84,-0.3
62,VAL,ALA,E,1.9,2.69
62,VAL,CYS,E,1.9,1.72
62,VAL,ASP,E,1.9,3.87
62,VAL,GLU,E,1.9,4.2
62,VAL,PHE,E,1.9,0.98
62,VAL,GLY,E,1.9,3.72
62,VAL,HIS,E,1.9,2.59
62,VAL,ILE,E,1.9,0.72
62,VAL,LYS,E,1.9,3.7
62,VAL,LEU,E,1.9,1.2
62,VAL,MET,E,1.9,1.31
62,VAL,ASN,E,1.9,3.31
62,VAL,PRO,E,1.9,3.94
62,VAL,GLN,E,1.9,3.28
62,VAL,ARG,E,1.9,3.1
62,VAL,SER,E,1.9,3.36
62,VAL,THR,E,1.9,2.29
62,VAL,TRP,E,1.9,1.27
62,VAL,TYR,E,1.9,1.24
63,GLU,ALA,E,16.77,1.45
63,GLU,CYS,E,16.77,1.18
63,GLU,ASP,E,16.77,1.27
63,GLU,PHE,E,16.77,0.24
63,GLU,GLY,E,16.77,2.31
63,GLU,HIS,E,16.77,0.65
63,GLU,ILE,E,16.77,-0.05
63,GLU,LYS,E,16.77,1.09
63,GLU,LEU,E,16.77,0.38
63,GLU,MET,E,16.77,0.64
63,GLU,ASN,E,16.77,1.31
63,GLU,PRO,E,16.77,2.18
63,GLU,GLN,E,16.77,0.73
63,GLU,ARG,E,16.77,0.65
63,GLU,SER,E,16.77,1.48
63,GLU,THR,E,16.77,0.62
63,GLU,VAL,E,16.77,0.17
63,GLU,TRP,E,16.77,0.1
63,GLU,TYR,E,16.77,0.03
64,VAL,ALA,E,2.41,2.34
64,VAL,CYS,E,2.41,1.57
64,VAL,ASP,E,2.41,2.91
64,VAL,GLU,E,2.41,2.35
64,VAL,PHE,E,2.41,0.7
64,VAL,GLY,E,2.41,3.11
64,VAL,HIS,E,2.41,1.55
64,VAL,ILE,E,2.41,0.9
64,VAL,LYS,E,2.41,2.39
64,VAL,LEU,E,2.41,1.03
64,VAL,MET,E,2.41,1.07
64,VAL,ASN,E,2.41,2.25
64,VAL,PRO,E,2.41,3.01
64,VAL,GLN,E,2.41,2.17
64,VAL,ARG,E,2.41,1.87
64,VAL,SER,E,2.41,2.69
64,VAL,THR,E,2.41,1.75
64,VAL,TRP,E,2.41,0.87
64,VAL,TYR,E,2.41,0.74
65,PRO,ALA,E,1.44,2.07
65,PRO,CYS,E,1.44,0.94
65,PRO,ASP,E,1.44,1.67
65,PRO,GLU,E,1.44,2.34
65,PRO,PHE,E,1.44,0.31
65,PRO,GLY,E,1.44,2.19
65,PRO,HIS,E,1.44,0.77
65,PRO,ILE,E,1.44,0.95
65,PRO,LYS,E,1.44,2.01
65,PRO,LEU,E,1.44,1.03
65,PRO,MET,E,1.44,0.99
65,PRO,ASN,E,1.44,1.53
65,PRO,GLN,E,1.44,1.71
65,PRO,ARG,E,1.44,1.24
65,PRO,SER,E,1.44,1.93
65,PRO,THR,E,1.44,1.31
65,PRO,VAL,E,1.44,1.05
65,PRO,TRP,E,1.44,0.01
65,PRO,TYR,E,1.44,0.3
66,LYS,ALA,E,33.39,0.14
66,LYS,CYS,E,33.39,-0.25
66,LYS,ASP,E,33.39,0.49
66,LYS,GLU,E,33.39,0.56
66,LYS,PHE,E,33.39,-0.84
66,LYS,GLY,E,33.39,0.48
66,LYS,HIS,E,33.39,-0.61
66,LYS,ILE,E,33.39,-1
66,LYS,LEU,E,33.39,-0.82
66,LYS,MET,E,33.39,-0.58
66,LYS,ASN,E,33.39,0.2
66,LYS,PRO,E,33.39,0.58
66,LYS,GLN,E,33.39,-0.16
66,LYS,ARG,E,33.39,-0.16
66,LYS,SER,E,33.39,0.24
66,LYS,THR,E,33.39,-0.38
66,LYS,VAL,E,33.39,-0.92
66,LYS,TRP,E,33.39,-0.48
66,LYS,TYR,E,33.39,-0.52
67,VAL,ALA,E,49.1,0.54
67,VAL,CYS,E,49.1,0.41
67,VAL,ASP,E,49.1,0.45
67,VAL,GLU,E,49.1,0.4
67,VAL,PHE,E,49.1,0.35
67,VAL,GLY,E,49.1,1.06
67,VAL,HIS,E,49.1,0.41
67,VAL,ILE,E,49.1,0.26
67,VAL,LYS,E,49.1,0.63
67,VAL,LEU,E,49.1,0.3
67,VAL,MET,E,49.1,0.41
67,VAL,ASN,E,49.1,0.55
67,VAL,PRO,E,49.1,0.04
67,VAL,GLN,E,49.1,0.44
67,VAL,ARG,E,49.1,0.52
67,VAL,SER,E,49.1,0.64
67,VAL,THR,E,49.1,0.41
67,VAL,TRP,E,49.1,0.29
67,VAL,TYR,E,49.1,0.41
68,ALA,CYS,E,26.84,0.17
68,ALA,ASP,E,26.84,0.43
68,ALA,GLU,E,26.84,0.42
68,ALA,PHE,E,26.84,0
68,ALA,GLY,E,26.84,0.45
68,ALA,HIS,E,26.84,-0.23
68,ALA,ILE,E,26.84,0
68,ALA,LYS,E,26.84,0.33
68,ALA,LEU,E,26.84,0.27
68,ALA,MET,E,26.84,0.16
68,ALA,ASN,E,26.84,0.28
68,ALA,PRO,E,26.84,1.12
68,ALA,GLN,E,26.84,0
68,ALA,ARG,E,26.84,0.16
68,ALA,SER,E,26.84,-0.11
68,ALA,THR,E,26.84,-0.3
68,ALA,VAL,E,26.84,-0.24
68,ALA,TRP,E,26.84,-0.26
68,ALA,TYR,E,26.84,-0.23
69,THR,ALA,E,48.56,0.6
69,THR,CYS,E,48.56,0.17
69,THR,ASP,E,48.56,1.02
69,THR,GLU,E,48.56,0.85
69,THR,PHE,E,48.56,0.68
69,THR,GLY,E,48.56,1.28
69,THR,HIS,E,48.56,0.49
69,THR,ILE,E,48.56,0.17
69,THR,LYS,E,48.56,0.88
69,THR,LEU,E,48.56,0.64
69,THR,MET,E,48.56,0.65
69,THR,ASN,E,48.56,0.78
69,THR,PRO,E,48.56,1.4
69,THR,GLN,E,48.56,0.61
69,THR,ARG,E,48.56,0.67
69,THR,SER,E,48.56,0.61
69,THR,VAL,E,48.56,-0.05
69,THR,TRP,E,48.56,0.93
69,THR,TYR,E,48.56,0.77
70,GLN,ALA,E,58.86,-0.07
70,GLN,CYS,E,58.86,-0.38
70,GLN,ASP,E,58.86,0.1
70,GLN,GLU,E,58.86,-0.04
70,GLN,PHE,E,58.86,-0.04
70,GLN,GLY,E,58.86,0.44
70,GLN,HIS,E,58.86,-0.14
70,GLN,ILE,E,58.86,-0.2
70,GLN,LYS,E,58.86,0.07
70,GLN,LEU,E,58.86,-0.12
70,GLN,MET,E,58.86,-0.09
70,GLN,ASN,E,58.86,0.1
70,GLN,PRO,E,58.86,-0.2
70,GLN,ARG,E,58.86,0.05
70,GLN,SER,E,58.86,-0.1
70,GLN,THR,E,58.86,-0.27
70,GLN,VAL,E,58.86,-0.48
70,GLN,TRP,E,58.86,0.08
70,GLN,TYR,E,58.86,-0.02
71,THR,ALA,E,59.62,0.03
71,THR,CYS,E,59.62,-0.09
71,THR,ASP,E,59.62,0.27
71,THR,GLU,E,59.62,0.42
71,THR,PHE,E,59.62,0.37
71,THR,GLY,E,59.62,0.6
71,THR,HIS,E,59.62,0.2
71,THR,ILE,E,59.62,0.24
71,THR,LYS,E,59.62,0.64
71,THR,LEU,E,59.62,0.43
71,THR,MET,E,59.62,0.31
71,THR,ASN,E,59.62,0.27
71,THR,PRO,E,59.62,0.42
71,THR,GLN,E,59.62,0.38
71,THR,ARG,E,59.62,0.64
71,THR,SER,E,59.62,0.11
71,THR,VAL,E,59.62,0.07
71,THR,TRP,E,59.62,0.56
71,THR,TYR,E,59.62,0.32
72,VAL,ALA,S,74.67,0.15
72,VAL,CYS,S,74.67,-0.01
72,VAL,ASP,S,74.67,0.11
72,VAL,GLU,S,74.67,0.18
72,VAL,PHE,S,74.67,0.29
72,VAL,GLY,S,74.67,0.57
72,VAL,HIS,S,74.67,0.14
72,VAL,ILE,S,74.67,0.01
72,VAL,LYS,S,74.67,0.31
72,VAL,LEU,S,74.67,0.08
72,VAL,MET,S,74.67,0.12
72,VAL,ASN,S,74.67,0.23
72,VAL,PRO,S,74.67,-0.37
72,VAL,GLN,S,74.67,0.25
72,VAL,ARG,S,74.67,0.21
72,VAL,SER,S,74.67,0.22
72,VAL,THR,S,74.67,0.16
72,VAL,TRP,S,74.67,0.32
72,VAL,TYR,S,74.67,0.26
73,GLY,ALA,S,74.36,0.21
73,GLY,CYS,S,74.36,0.22
73,GLY,ASP,S,74.36,0.55
73,GLY,GLU,S,74.36,0.77
73,GLY,PHE,S,74.36,0.7
73,GLY,HIS,S,74.36,0.47
73,GLY,ILE,S,74.36,0.8
73,GLY,LYS,S,74.36,0.86
73,GLY,LEU,S,74.36,0.8
73,GLY,MET,S,74.36,0.66
73,GLY,ASN,S,74.36,0.38
73,GLY,PRO,S,74.36,1.12
73,GLY,GLN,S,74.36,0.66
73,GLY,ARG,S,74.36,0.75
73,GLY,SER,S,74.36,0.28
73,GLY,THR,S,74.36,0.57
73,GLY,VAL,S,74.36,0.59
73,GLY,TRP,S,74.36,0.93
73,GLY,TYR,S,74.36,0.71
74,GLY,ALA,S,81.6,0.03
74,GLY,CYS,S,81.6,-0.04
74,GLY,ASP,S,81.6,0.35
74,GLY,GLU,S,81.6,0.4
74,GLY,PHE,S,81.6,0.46
74,GLY,HIS,S,81.6,0.19
74,GLY,ILE,S,81.6,0.34
74,GLY,LYS,S,81.6,0.41
74,GLY,LEU,S,81.6,0.28
74,GLY,MET,S,81.6,0.28
74,GLY,ASN,S,81.6,0.19
74,GLY,PRO,S,81.6,0.62
74,GLY,GLN,S,81.6,0.31
74,GLY,ARG,S,81.6,0.34
74,GLY,SER,S,81.6,0.11
74,GLY,THR,S,81.6,0.16
74,GLY,VAL,S,81.6,0.28
74,GLY,TRP,S,81.6,0.63
74,GLY,TYR,S,81.6,0.44
75,VAL,ALA,C,62.02,0.1
75,VAL,CYS,C,62.02,0.08
75,VAL,ASP,C,62.02,0.42
75,VAL,GLU,C,62.02,0.22
75,VAL,PHE,C,62.02,0.32
75,VAL,GLY,C,62.02,0.41
75,VAL,HIS,C,62.02,0.2
75,VAL,ILE,C,62.02,0.11
75,VAL,LYS,C,62.02,0.31
75,VAL,LEU,C,62.02,0.18
75,VAL,MET,C,62.02,0.17
75,VAL,ASN,C,62.02,0.27
75,VAL,PRO,C,62.02,0.32
75,VAL,GLN,C,62.02,0.29
75,VAL,ARG,C,62.02,0.26
75,VAL,SER,C,62.02,0.34
75,VAL,THR,C,62.02,0.28
75,VAL,TRP,C,62.02,0.36
75,VAL,TYR,C,62.02,0.46
76,GLU,ALA,E,66.45,0.16
76,GLU,CYS,E,66.45,-0.19
76,GLU,ASP,E,66.45,0.36
76,GLU,PHE,E,66.45,-0.04
76,GLU,GLY,E,66.45,0.4
76,GLU,HIS,E,66.45,-0.12
76,GLU,ILE,E,66.45,-0.42
76,GLU,LYS,E,66.45,-0.05
76,GLU,LEU,E,66.45,-0.22
76,GLU,MET,E,66.45,-0.27
76,GLU,ASN,E,66.45,0.19
76,GLU,PRO,E,66.45,0.78
76,GLU,GLN,E,66.45,-0.22
76,GLU,ARG,E,66.45,-0.13
76,GLU,SER,E,66.45,0.24
76,GLU,THR,E,66.45,-0.13
76,GLU,VAL,E,66.45,-0.43
76,GLU,TRP,E,66.45,0.23
76,GLU,TYR,E,66.45,0.07
77,LEU,ALA,E,50.89,0.63
77,LEU,CYS,E,50.89,0.19
77,LEU,ASP,E,50.89,0.61
77,LEU,GLU,E,50.89,0.28
77,LEU,PHE,E,50.89,0.24
77,LEU,GLY,E,50.89,1.03
77,LEU,HIS,E,50.89,0.19
77,LEU,ILE,E,50.89,-0.2
77,LEU,LYS,E,50.89,0.19
77,LEU,MET,E,50.89,0.1
77,LEU,ASN,E,50.89,0.58
77,LEU,PRO,E,50.89,0.42
77,LEU,GLN,E,50.89,0.21
77,LEU,ARG,E,50.89,0.21
77,LEU,SER,E,50.89,0.52
77,LEU,THR,E,50.89,0.08
77,LEU,VAL,E,50.89,-0.15
77,LEU,TRP,E,50.89,0.39
77,LEU,TYR,E,50.89,0.24
78,PRO,ALA,E,36.1,0.78
78,PRO,CYS,E,36.1,0.72
78,PRO,ASP,E,36.1,1.06
78,PRO,GLU,E,36.1,1.02
78,PRO,PHE,E,36.1,0.64
78,PRO,GLY,E,36.1,1.53
78,PRO,HIS,E,36.1,0.75
78,PRO,ILE,E,36.1,0.63
78,PRO,LYS,E,36.1,1.1
78,PRO,LEU,E,36.1,0.54
78,PRO,MET,E,36.1,0.68
78,PRO,ASN,E,36.1,0.93
78,PRO,GLN,E,36.1,0.91
78,PRO,ARG,E,36.1,0.87
78,PRO,SER,E,36.1,0.98
78,PRO,THR,E,36.1,0.67
78,PRO,VAL,E,36.1,0.35
78,PRO,TRP,E,36.1,0.54
78,PRO,TYR,E,36.1,0.79
79,VAL,ALA,E,23.04,2.3
79,VAL,CYS,E,23.04,1.34
79,VAL,ASP,E,23.04,2.06
79,VAL,GLU,E,23.04,2.59
79,VAL,PHE,E,23.04,0.97
79,VAL,GLY,E,23.04,2.25
79,VAL,HIS,E,23.04,1.25
79,VAL,ILE,E,23.04,0.76
79,VAL,LYS,E,23.04,2.04
79,VAL,LEU,E,23.04,1.17
79,VAL,MET,E,23.04,1.19
79,VAL,ASN,E,23.04,1.69
79,VAL,PRO,E,23.04,2.56
79,VAL,GLN,E,23.04,1.74
79,VAL,ARG,E,23.04,1.51
79,VAL,SER,E,23.04,1.77
79,VAL,THR,E,23.04,1.08
79,VAL,TRP,E,23.04,1.31
79,VAL,TYR,E,23.04,1.08
80,ALA,CYS,E,18.22,-0.1
80,ALA,ASP,E,18.22,0.91
80,ALA,GLU,E,18.22,1.55
80,ALA,PHE,E,18.22,-0.04
80,ALA,GLY,E,18.22,0.78
80,ALA,HIS,E,18.22,0.11
80,ALA,ILE,E,18.22,0.43
80,ALA,LYS,E,18.22,1.23
80,ALA,LEU,E,18.22,0.7
80,ALA,MET,E,18.22,0.66
80,ALA,ASN,E,18.22,0.49
80,ALA,PRO,E,18.22,1
80,ALA,GLN,E,18.22,0.96
80,ALA,ARG,E,18.22,0.66
80,ALA,SER,E,18.22,0.2
80,ALA,THR,E,18.22,0.31
80,ALA,VAL,E,18.22,0.42
80,ALA,TRP,E,18.22,-0.08
80,ALA,TYR,E,18.22,-0.26
81,ALA,CYS,E,55.27,0.02
81,ALA,ASP,E,55.27,-0.07
81,ALA,GLU,E,55.27,0.32
81,ALA,PHE,E,55.27,0.46
81,ALA,GLY,E,55.27,0.63
81,ALA,HIS,E,55.27,0.32
81,ALA,ILE,E,55.27,0.49
81,ALA,LYS,E,55.27,0.41
81,ALA,LEU,E,55.27,0.42
81,ALA,MET,E,55.27,0.51
81,ALA,ASN,E,55.27,0.28
81,ALA,PRO,E,55.27,0.13
81,ALA,GLN,E,55.27,0.39
81,ALA,ARG,E,55.27,0.42
81,ALA,SER,E,55.27,-0.15
81,ALA,THR,E,55.27,0.1
81,ALA,VAL,E,55.27,0.27
81,ALA,TRP,E,55.27,0.4
81,ALA,TYR,E,55.27,0.45
82,TRP,ALA,E,9.73,3.38
82,TRP,CYS,E,9.73,2.57
82,TRP,ASP,E,9.73,2.92
82,TRP,GLU,E,9.73,2.85
82,TRP,PHE,E,9.73,0.96
82,TRP,GLY,E,9.73,3.61
82,TRP,HIS,E,9.73,1.91
82,TRP,ILE,E,9.73,1.94
82,TRP,LYS,E,9.73,2.98
82,TRP,LEU,E,9.73,2.27
82,TRP,MET,E,9.73,2.14
82,TRP,ASN,E,9.73,2.4
82,TRP,PRO,E,9.73,4.53
82,TRP,GLN,E,9.73,2.69
82,TRP,ARG,E,9.73,2.39
82,TRP,SER,E,9.73,2.79
82,TRP,THR,E,9.73,2.21
82,TRP,VAL,E,9.73,2.17
82,TRP,TYR,E,9.73,0.89
83,ARG,ALA,E,12.25,1.43
83,ARG,CYS,E,12.25,0.88
83,ARG,ASP,E,12.25,1.58
83,ARG,GLU,E,12.25,1.35
83,ARG,PHE,E,12.25,-0.21
83,ARG,GLY,E,12.25,2.16
83,ARG,HIS,E,12.25,0.44
83,ARG,ILE,E,12.25,-0.16
83,ARG,LYS,E,12.25,1.03
83,ARG,LEU,E,12.25,0.28
83,ARG,MET,E,12.25,0.25
83,ARG,ASN,E,12.25,1.29
83,ARG,PRO,E,12.25,2.17
83,ARG,GLN,E,12.25,1
83,ARG,SER,E,12.25,1.42
83,ARG,THR,E,12.25,0.63
83,ARG,VAL,E,12.25,0.04
83,ARG,TRP,E,12.25,-0.02
83,ARG,TYR,E,12.25,-0.02
84,SER,ALA,E,0.63,0.28
84,SER,CYS,E,0.63,-0.71
84,SER,ASP,E,0.63,2.38
84,SER,GLU,E,0.63,2.89
84,SER,PHE,E,0.63,-0.95
84,SER,GLY,E,0.63,1.22
84,SER,HIS,E,0.63,0.85
84,SER,ILE,E,0.63,-1.02
84,SER,LYS,E,0.63,2.47
84,SER,LEU,E,0.63,-0.58
84,SER,MET,E,0.63,-0.35
84,SER,ASN,E,0.63,1.67
84,SER,PRO,E,0.63,2.43
84,SER,GLN,E,0.63,1.68
84,SER,ARG,E,0.63,1.06
84,SER,THR,E,0.63,0.5
84,SER,VAL,E,0.63,-0.96
84,SER,TRP,E,0.63,-0.72
84,SER,TYR,E,0.63,-0.7
85,TYR,ALA,E,48.4,1.02
85,TYR,CYS,E,48.4,0.7
85,TYR,ASP,E,48.4,1.05
85,TYR,GLU,E,48.4,0.86
85,TYR,PHE,E,48.4,0.13
85,TYR,GLY,E,48.4,1.41
85,TYR,HIS,E,48.4,0.63
85,TYR,ILE,E,48.4,0.01
85,TYR,LYS,E,48.4,0.93
85,TYR,LEU,E,48.4,0.2
85,TYR,MET,E,48.4,0.67
85,TYR,ASN,E,48.4,0.91
85,TYR,PRO,E,48.4,2.1
85,TYR,GLN,E,48.4,0.8
85,TYR,ARG,E,48.4,0.64
85,TYR,SER,E,48.4,0.82
85,TYR,THR,E,48.4,0.48
85,TYR,VAL,E,48.4,0.16
85,TYR,TRP,E,48.4,0.19
86,LEU,ALA,E,3.6,2.7
86,LEU,CYS,E,3.6,1.58
86,LEU,ASP,E,3.6,3.04
86,LEU,GLU,E,3.6,2.74
86,LEU,PHE,E,3.6,0.42
86,LEU,GLY,E,3.6,3.28
86,LEU,HIS,E,3.6,1.39
86,LEU,ILE,E,3.6,0.59
86,LEU,LYS,E,3.6,2.56
86,LEU,MET,E,3.6,1.05
86,LEU,ASN,E,3.6,2.62
86,LEU,PRO,E,3.6,3.83
86,LEU,GLN,E,3.6,2.05
86,LEU,ARG,E,3.6,1.72
86,LEU,SER,E,3.6,2.68
86,LEU,THR,E,3.6,1.86
86,LEU,VAL,E,3.6,1.2
86,LEU,TRP,E,3.6,0.55
86,LEU,TYR,E,3.6,0.51
87,ASN,ALA,E,21.06,1.28
87,ASN,CYS,E,21.06,0.52
87,ASN,ASP,E,21.06,0.7
87,ASN,GLU,E,21.06,0.54
87,ASN,PHE,E,21.06,0.17
87,ASN,GLY,E,21.06,1.47
87,ASN,HIS,E,21.06,0.08
87,ASN,ILE,E,21.06,0
87,ASN,LYS,E,21.06,0.64
87,ASN,LEU,E,21.06,0.43
87,ASN,MET,E,21.06,0.62
87,ASN,PRO,E,21.06,1.47
87,ASN,GLN,E,21.06,0.54
87,ASN,ARG,E,21.06,0.46
87,ASN,SER,E,21.06,0.65
87,ASN,THR,E,21.06,0.01
87,ASN,VAL,E,21.06,-0.24
87,ASN,TRP,E,21.06,0.02
87,ASN,TYR,E,21.06,-0.11
88,MET,ALA,E,0,3.09
88,MET,CYS,E,0,1.5
88,MET,ASP,E,0,3.94
88,MET,GLU,E,0,4.11
88,MET,PHE,E,0,0.3
88,MET,GLY,E,0,3.79
88,MET,HIS,E,0,1.97
88,MET,ILE,E,0,0.03
88,MET,LYS,E,0,3.97
88,MET,LEU,E,0,0.47
88,MET,ASN,E,0,3.32
88,MET,PRO,E,0,4.46
88,MET,GLN,E,0,3.2
88,MET,ARG,E,0,2.84
88,MET,SER,E,0,3.53
88,MET,THR,E,0,2.36
88,MET,VAL,E,0,1
88,MET,TRP,E,0,0.67
88,MET,TYR,E,0,0.65
89,GLU,ALA,E,24.92,1.35
89,GLU,CYS,E,24.92,1.06
89,GLU,ASP,E,24.92,0.92
89,GLU,PHE,E,24.92,0.48
89,GLU,GLY,E,24.92,1.71
89,GLU,HIS,E,24.92,0.36
89,GLU,ILE,E,24.92,0.24
89,GLU,LYS,E,24.92,0.69
89,GLU,LEU,E,24.92,0.47
89,GLU,MET,E,24.92,0.63
89,GLU,ASN,E,24.92,0.74
89,GLU,PRO,E,24.92,1.07
89,GLU,GLN,E,24.92,0.44
89,GLU,ARG,E,24.92,0.47
89,GLU,SER,E,24.92,0.88
89,GLU,THR,E,24.92,0.31
89,GLU,VAL,E,24.92,-0.02
89,GLU,TRP,E,24.92,0.26
89,GLU,TYR,E,24.92,0.19
90,LEU,ALA,E,1.51,3.28
90,LEU,CYS,E,1.51,1.83
90,LEU,ASP,E,1.51,4.04
90,LEU,GLU,E,1.51,3.89
90,LEU,PHE,E,1.51,0.73
90,LEU,GLY,E,1.51,3.7
90,LEU,HIS,E,1.51,2.12
90,LEU,ILE,E,1.51,0.67
90,LEU,LYS,E,1.51,3.29
90,LEU,MET,E,1.51,1.16
90,LEU,ASN,E,1.51,3.36
90,LEU,PRO,E,1.51,3.57
90,LEU,GLN,E,1.51,2.93
90,LEU,ARG,E,1.51,2.69
90,LEU,SER,E,1.51,3.67
90,LEU,THR,E,1.51,2.63
90,LEU,VAL,E,1.51,0.99
90,LEU,TRP,E,1.51,1.29
90,LEU,TYR,E,1.51,1.1
91,THR,ALA,E,18.02,1.29
91,THR,CYS,E,18.02,1.09
91,THR,ASP,E,18.02,1
91,THR,GLU,E,18.02,1.15
91,THR,PHE,E,18.02,0.47
91,THR,GLY,E,18.02,1.96
91,THR,HIS,E,18.02,0.63
91,THR,ILE,E,18.02,0.7
91,THR,LYS,E,18.02,1.11
91,THR,LEU,E,18.02,0.76
91,THR,MET,E,18.02,0.74
91,THR,ASN,E,18.02,0.74
91,THR,PRO,E,18.02,0.09
91,THR,GLN,E,18.02,0.98
91,THR,ARG,E,18.02,0.67
91,THR,SER,E,18.02,1.09
91,THR,VAL,E,18.02,0.69
91,THR,TRP,E,18.02,0.09
91,THR,TYR,E,18.02,0.28
92,ILE,ALA,E,0,3.34
92,ILE,CYS,E,0,2
92,ILE,ASP,E,0,3.88
92,ILE,GLU,E,0,3.65
92,ILE,PHE,E,0,1.23
92,ILE,GLY,E,0,3.79
92,ILE,HIS,E,0,2.25
92,ILE,LYS,E,0,3.44
92,ILE,LEU,E,0,1.12
92,ILE,MET,E,0,1.31
92,ILE,ASN,E,0,3.29
92,ILE,PRO,E,0,4.12
92,ILE,GLN,E,0,2.71
92,ILE,ARG,E,0,2.62
92,ILE,SER,E,0,3.52
92,ILE,THR,E,0,2.5
92,ILE,VAL,E,0,1.14
92,ILE,TRP,E,0,1.9
92,ILE,TYR,E,0,1.75
93,PRO,ALA,E,2,1.58
93,PRO,CYS,E,2,1.1
93,PRO,ASP,E,2,0.85
93,PRO,GLU,E,2,1.71
93,PRO,PHE,E,2,1.33
93,PRO,GLY,E,2,2.02
93,PRO,HIS,E,2,1.22
93,PRO,ILE,E,2,1.54
93,PRO,LYS,E,2,1.91
93,PRO,LEU,E,2,1.04
93,PRO,MET,E,2,1.39
93,PRO,ASN,E,2,0.86
93,PRO,GLN,E,2,1.53
93,PRO,ARG,E,2,1.76
93,PRO,SER,E,2,1.22
93,PRO,THR,E,2,1.28
93,PRO,VAL,E,2,1.23
93,PRO,TRP,E,2,0.87
93,PRO,TYR,E,2,1.15
94,ILE,ALA,T,43.02,0.58
94,ILE,CYS,T,43.02,0.23
94,ILE,ASP,T,43.02,0.07
94,ILE,GLU,T,43.02,0.5
94,ILE,PHE,T,43.02,0.5
94,ILE,GLY,T,43.02,0.46
94,ILE,HIS,T,43.02,0.15
94,ILE,LYS,T,43.02,0.63
94,ILE,LEU,T,43.02,-0.09
94,ILE,MET,T,43.02,0.05
94,ILE,ASN,T,43.02,0.14
94,ILE,PRO,T,43.02,-0.28
94,ILE,GLN,T,43.02,0.43
94,ILE,ARG,T,43.02,0.4
94,ILE,SER,T,43.02,0.09
94,ILE,THR,T,43.02,-0.02
94,ILE,VAL,T,43.02,0.13
94,ILE,TRP,T,43.02,0.44
94,ILE,TYR,T,43.02,0.71
95,PHE,ALA,T,48.47,0.68
95,PHE,CYS,T,48.47,0.75
95,PHE,ASP,T,48.47,0.32
95,PHE,GLU,T,48.47,0.47
95,PHE,GLY,T,48.47,0.9
95,PHE,HIS,T,48.47,0.17
95,PHE,ILE,T,48.47,0.63
95,PHE,LYS,T,48.47,0.58
95,PHE,LEU,T,48.47,0.32
95,PHE,MET,T,48.47,0.49
95,PHE,ASN,T,48.47,0.26
95,PHE,PRO,T,48.47,1.69
95,PHE,GLN,T,48.47,0.43
95,PHE,ARG,T,48.47,0.4
95,PHE,SER,T,48.47,0.42
95,PHE,THR,T,48.47,0.22
95,PHE,VAL,T,48.47,0.81
95,PHE,TRP,T,48.47,0.19
95,PHE,TYR,T,48.47,0.19
96,ALA,CYS,C,10.53,0.63
96,ALA,ASP,C,10.53,0.91
96,ALA,GLU,C,10.53,1.49
96,ALA,PHE,C,10.53,0.58
96,ALA,GLY,C,10.53,1.25
96,ALA,HIS,C,10.53,0.94
96,ALA,ILE,C,10.53,0.65
96,ALA,LYS,C,10.53,1.44
96,ALA,LEU,C,10.53,0.48
96,ALA,MET,C,10.53,0.44
96,ALA,ASN,C,10.53,1.09
96,ALA,PRO,C,10.53,1.48
96,ALA,GLN,C,10.53,1.11
96,ALA,ARG,C,10.53,1.26
96,ALA,SER,C,10.53,0.93
96,ALA,THR,C,10.53,0.75
96,ALA,VAL,C,10.53,1.02
96,ALA,TRP,C,10.53,0.26
96,ALA,TYR,C,10.53,0.71
97,THR,ALA,C,49.82,0.79
97,THR,CYS,C,49.82,0.82
97,THR,ASP,C,49.82,-0.01
97,THR,GLU,C,49.82,0.95
97,THR,PHE,C,49.82,1.26
97,THR,GLY,C,49.82,0.82
97,THR,HIS,C,49.82,0.62
97,THR,ILE,C,49.82,1.05
97,THR,LYS,C,49.82,0.94
97,THR,LEU,C,49.82,0.9
97,THR,MET,C,49.82,0.93
97,THR,ASN,C,49.82,0.29
97,THR,PRO,C,49.82,-0.05
97,THR,GLN,C,49.82,0.88
97,THR,ARG,C,49.82,0.9
97,THR,SER,C,49.82,0.03
97,THR,VAL,C,49.82,0.85
97,THR,TRP,C,49.82,1.37
97,THR,TYR,C,49.82,1.27
98,ASN,ALA,H,66.31,-0.46
98,ASN,CYS,H,66.31,-0.07
98,ASN,ASP,H,66.31,-0.34
98,ASN,GLU,H,66.31,-0.36
98,ASN,PHE,H,66.31,-0.02
98,ASN,GLY,H,66.31,0.33
98,ASN,HIS,H,66.31,-0.08
98,ASN,ILE,H,66.31,-0.4
98,ASN,LYS,H,66.31,-0.08
98,ASN,LEU,H,66.31,-0.26
98,ASN,MET,H,66.31,-0.03
98,ASN,PRO,H,66.31,-0.67
98,ASN,GLN,H,66.31,-0.27
98,ASN,ARG,H,66.31,-0.18
98,ASN,SER,H,66.31,-0.26
98,ASN,THR,H,66.31,-0.3
98,ASN,VAL,H,66.31,-0.59
98,ASN,TRP,H,66.31,-0.07
98,ASN,TYR,H,66.31,0.01
99,SER,ALA,H,64.26,0.03
99,SER,CYS,H,64.26,0.36
99,SER,ASP,H,64.26,0.02
99,SER,GLU,H,64.26,0
99,SER,PHE,H,64.26,0.66
99,SER,GLY,H,64.26,0.66
99,SER,HIS,H,64.26,0.5
99,SER,ILE,H,64.26,0.46
99,SER,LYS,H,64.26,0.51
99,SER,LEU,H,64.26,0.68
99,SER,MET,H,64.26,0.71
99,SER,ASN,H,64.26,0.39
99,SER,PRO,H,64.26,0.51
99,SER,GLN,H,64.26,0.26
99,SER,ARG,H,64.26,0.53
99,SER,THR,H,64.26,0.23
99,SER,VAL,H,64.26,0.36
99,SER,TRP,H,64.26,0.71
99,SER,TYR,H,64.26,0.61
100,ASP,ALA,H,8.24,0.73
100,ASP,CYS,H,8.24,0.74
100,ASP,GLU,H,8.24,0.45
100,ASP,PHE,H,8.24,-0.06
100,ASP,GLY,H,8.24,1.41
100,ASP,HIS,H,8.24,0.65
100,ASP,ILE,H,8.24,0.05
100,ASP,LYS,H,8.24,0.89
100,ASP,LEU,H,8.24,-0.22
100,ASP,MET,H,8.24,0.07
100,ASP,ASN,H,8.24,0.89
100,ASP,PRO,H,8.24,1.17
100,ASP,GLN,H,8.24,0.5
100,ASP,ARG,H,8.24,0.57
100,ASP,SER,H,8.24,1.1
100,ASP,THR,H,8.24,0.48
100,ASP,VAL,H,8.24,0.08
100,ASP,TRP,H,8.24,0.01
100,ASP,TYR,H,8.24,0.14
101,CYS,ALA,H,0.39,1.58
101,CYS,ASP,H,0.39,1.9
101,CYS,GLU,H,0.39,1.6
101,CYS,PHE,H,0.39,0.9
101,CYS,GLY,H,0.39,2.23
101,CYS,HIS,H,0.39,1.25
101,CYS,ILE,H,0.39,0.37
101,CYS,LYS,H,0.39,1.55
101,CYS,LEU,H,0.39,0.51
101,CYS,MET,H,0.39,0.6
101,CYS,ASN,H,0.39,1.59
101,CYS,PRO,H,0.39,2.18
101,CYS,GLN,H,0.39,0.94
101,CYS,ARG,H,0.39,1.09
101,CYS,SER,H,0.39,1.46
101,CYS,THR,H,0.39,1.07
101,CYS,VAL,H,0.39,0.57
101,CYS,TRP,H,0.39,0.77
101,CYS,TYR,H,0.39,0.72
102,GLU,ALA,H,51.15,0.23
102,GLU,CYS,H,51.15,0.65
102,GLU,ASP,H,51.15,0.52
102,GLU,PHE,H,51.15,1.04
102,GLU,GLY,H,51.15,1.6
102,GLU,HIS,H,51.15,0.67
102,GLU,ILE,H,51.15,0.53
102,GLU,LYS,H,51.15,0.19
102,GLU,LEU,H,51.15,0.32
102,GLU,MET,H,51.15,0.47
102,GLU,ASN,H,51.15,0.64
102,GLU,PRO,H,51.15,1.11
102,GLU,GLN,H,51.15,-0.03
102,GLU,ARG,H,51.15,0.18
102,GLU,SER,H,51.15,0.8
102,GLU,THR,H,51.15,0.73
102,GLU,VAL,H,51.15,0.63
102,GLU,TRP,H,51.15,0.97
102,GLU,TYR,H,51.15,0.84
103,LEU,ALA,H,20.29,1.07
103,LEU,CYS,H,20.29,1.74
103,LEU,ASP,H,20.29,0.67
103,LEU,GLU,H,20.29,0.03
103,LEU,PHE,H,20.29,0.8
103,LEU,GLY,H,20.29,1.79
103,LEU,HIS,H,20.29,0.56
103,LEU,ILE,H,20.29,1.06
103,LEU,LYS,H,20.29,0.13
103,LEU,MET,H,20.29,0.51
103,LEU,ASN,H,20.29,0.92
103,LEU,PRO,H,20.29,1.79
103,LEU,GLN,H,20.29,-0.02
103,LEU,ARG,H,20.29,0.01
103,LEU,SER,H,20.29,1.04
103,LEU,THR,H,20.29,0.57
103,LEU,VAL,H,20.29,1.18
103,LEU,TRP,H,20.29,0.02
103,LEU,TYR,H,20.29,0.56
104,ILE,ALA,H,0.97,2.17
104,ILE,CYS,H,0.97,1.84
104,ILE,ASP,H,0.97,3.45
104,ILE,GLU,H,0.97,3.11
104,ILE,PHE,H,0.97,1.19
104,ILE,GLY,H,0.97,3.89
104,ILE,HIS,H,0.97,2.19
104,ILE,LYS,H,0.97,3.02
104,ILE,LEU,H,0.97,1.1
104,ILE,MET,H,0.97,1.22
104,ILE,ASN,H,0.97,3.32
104,ILE,PRO,H,0.97,3.94
104,ILE,GLN,H,0.97,2.51
104,ILE,ARG,H,0.97,2.39
104,ILE,SER,H,0.97,2.95
104,ILE,THR,H,0.97,2.52
104,ILE,VAL,H,0.97,1.23
104,ILE,TRP,H,0.97,1.15
104,ILE,TYR,H,0.97,1.23
105,VAL,ALA,H,3.59,1.85
105,VAL,CYS,H,3.59,1.4
105,VAL,ASP,H,3.59,1.79
105,VAL,GLU,H,3.59,1.22
105,VAL,PHE,H,3.59,1.05
105,VAL,GLY,H,3.59,2.55
105,VAL,HIS,H,3.59,1.17
105,VAL,ILE,H,3.59,0.86
105,VAL,LYS,H,3.59,1.1
105,VAL,LEU,H,3.59,0.67
105,VAL,MET,H,3.59,0.51
105,VAL,ASN,H,3.59,1.29
105,VAL,PRO,H,3.59,1.74
105,VAL,GLN,H,3.59,1.02
105,VAL,ARG,H,3.59,0.8
105,VAL,SER,H,3.59,1.64
105,VAL,THR,H,3.59,1.28
105,VAL,TRP,H,3.59,0.83
105,VAL,TYR,H,3.59,0.94
106,LYS,ALA,H,33.71,0.59
106,LYS,CYS,H,33.71,0.97
106,LYS,ASP,H,33.71,0.84
106,LYS,GLU,H,33.71,0.51
106,LYS,PHE,H,33.71,0.51
106,LYS,GLY,H,33.71,1.44
106,LYS,HIS,H,33.71,0.38
106,LYS,ILE,H,33.71,0.64
106,LYS,LEU,H,33.71,0.13
106,LYS,MET,H,33.71,0.29
106,LYS,ASN,H,33.71,0.85
106,LYS,PRO,H,33.71,1.19
106,LYS,GLN,H,33.71,0.32
106,LYS,ARG,H,33.71,0.31
106,LYS,SER,H,33.71,0.77
106,LYS,THR,H,33.71,0.88
106,LYS,VAL,H,33.71,0.93
106,LYS,TRP,H,33.71,0.31
106,LYS,TYR,H,33.71,0.44
107,ALA,CYS,H,0.48,0.41
107,ALA,ASP,H,0.48,2.41
107,ALA,GLU,H,0.48,2.35
107,ALA,PHE,H,0.48,0.21
107,ALA,GLY,H,0.48,1.42
107,ALA,HIS,H,0.48,1.21
107,ALA,ILE,H,0.48,0.45
107,ALA,LYS,H,0.48,2.45
107,ALA,LEU,H,0.48,0.48
107,ALA,MET,H,0.48,0.4
107,ALA,ASN,H,0.48,1.8
107,ALA,PRO,H,0.48,3.03
107,ALA,GLN,H,0.48,1.55
107,ALA,ARG,H,0.48,1.46
107,ALA,SER,H,0.48,1.17
107,ALA,THR,H,0.48,1.29
107,ALA,VAL,H,0.48,0.84
107,ALA,TRP,H,0.48,0.49
107,ALA,TYR,H,0.48,0.34
108,MET,ALA,H,1.78,2.39
108,MET,CYS,H,1.78,1.75
108,MET,ASP,H,1.78,2.79
108,MET,GLU,H,1.78,2.76
108,MET,PHE,H,1.78,0.62
108,MET,GLY,H,1.78,3.64
108,MET,HIS,H,1.78,1.52
108,MET,ILE,H,1.78,0.58
108,MET,LYS,H,1.78,2.44
108,MET,LEU,H,1.78,0.53
108,MET,ASN,H,1.78,2.41
108,MET,PRO,H,1.78,3.29
108,MET,GLN,H,1.78,2.02
108,MET,ARG,H,1.78,1.87
108,MET,SER,H,1.78,2.67
108,MET,THR,H,1.78,2.03
108,MET,VAL,H,1.78,1.34
108,MET,TRP,H,1.78,0.77
108,MET,TYR,H,1.78,0.95
109,GLN,ALA,H,23.32,1.09
109,GLN,CYS,H,23.32,1.06
109,GLN,ASP,H,23.32,0.94
109,GLN,GLU,H,23.32,0.71
109,GLN,PHE,H,23.32,0.69
109,GLN,GLY,H,23.32,1.14
109,GLN,HIS,H,23.32,0.48
109,GLN,ILE,H,23.32,0.98
109,GLN,LYS,H,23.32,0.57
109,GLN,LEU,H,23.32,0.57
109,GLN,MET,H,23.32,0.28
109,GLN,ASN,H,23.32,0.97
109,GLN,PRO,H,23.32,0.78
109,GLN,ARG,H,23.32,0.42
109,GLN,SER,H,23.32,1.11
109,GLN,THR,H,23.32,1
109,GLN,VAL,H,23.32,1.02
109,GLN,TRP,H,23.32,0.43
109,GLN,TYR,H,23.32,0.34
110,GLY,ALA,T,4.21,0.45
110,GLY,CYS,T,4.21,0.21
110,GLY,ASP,T,4.21,0.83
110,GLY,GLU,T,4.21,1.33
110,GLY,PHE,T,4.21,0.33
110,GLY,HIS,T,4.21,0.27
110,GLY,ILE,T,4.21,0.49
110,GLY,LYS,T,4.21,1
110,GLY,LEU,T,4.21,0.36
110,GLY,MET,T,4.21,0.27
110,GLY,ASN,T,4.21,0.62
110,GLY,PRO,T,4.21,0.98
110,GLY,GLN,T,4.21,0.91
110,GLY,ARG,T,4.21,0.7
110,GLY,SER,T,4.21,0.29
110,GLY,THR,T,4.21,0.4
110,GLY,VAL,T,4.21,0.69
110,GLY,TRP,T,4.21,0.27
110,GLY,TYR,T,4.21,0.02
111,LEU,ALA,T,0.09,3.26
111,LEU,CYS,T,0.09,2.01
111,LEU,ASP,T,0.09,4.11
111,LEU,GLU,T,0.09,3.45
111,LEU,PHE,T,0.09,1.23
111,LEU,GLY,T,0.09,4.13
111,LEU,HIS,T,0.09,2
111,LEU,ILE,T,0.09,1.07
111,LEU,LYS,T,0.09,2.89
111,LEU,MET,T,0.09,1.37
111,LEU,ASN,T,0.09,3.5
111,LEU,PRO,T,0.09,4.04
111,LEU,GLN,T,0.09,2.98
111,LEU,ARG,T,0.09,2.41
111,LEU,SER,T,0.09,3.58
111,LEU,THR,T,0.09,2.94
111,LEU,VAL,T,0.09,1.61
111,LEU,TRP,T,0.09,1.33
111,LEU,TYR,T,0.09,1.21
112,LEU,ALA,S,1.71,2.65
112,LEU,CYS,S,1.71,2.13
112,LEU,ASP,S,1.71,2.52
112,LEU,GLU,S,1.71,2.4
112,LEU,PHE,S,1.71,0.43
112,LEU,GLY,S,1.71,2.87
112,LEU,HIS,S,1.71,1.32
112,LEU,ILE,S,1.71,1.34
112,LEU,LYS,S,1.71,2.18
112,LEU,MET,S,1.71,1.17
112,LEU,ASN,S,1.71,1.8
112,LEU,PRO,S,1.71,3
112,LEU,GLN,S,1.71,1.85
112,LEU,ARG,S,1.71,1.91
112,LEU,SER,S,1.71,2.58
112,LEU,THR,S,1.71,2.04
112,LEU,VAL,S,1.71,1.84
112,LEU,TRP,S,1.71,1
112,LEU,TYR,S,1.71,0.65
113,LYS,ALA,S,44.06,0.04
113,LYS,CYS,S,44.06,0.22
113,LYS,ASP,S,44.06,0.36
113,LYS,GLU,S,44.06,0.13
113,LYS,PHE,S,44.06,0.3
113,LYS,GLY,S,44.06,0.48
113,LYS,HIS,S,44.06,0
113,LYS,ILE,S,44.06,0.09
113,LYS,LEU,S,44.06,-0.5
113,LYS,MET,S,44.06,-0.24
113,LYS,ASN,S,44.06,0.48
113,LYS,PRO,S,44.06,0.82
113,LYS,GLN,S,44.06,-0.09
113,LYS,ARG,S,44.06,-0.03
113,LYS,SER,S,44.06,0.23
113,LYS,THR,S,44.06,0.09
113,LYS,VAL,S,44.06,0.13
113,LYS,TRP,S,44.06,0.38
113,LYS,TYR,S,44.06,0.3
114,ASP,ALA,T,75.46,-0.49
114,ASP,CYS,T,75.46,-0.17
114,ASP,GLU,T,75.46,-0.28
114,ASP,PHE,T,75.46,0.03
114,ASP,GLY,T,75.46,0.25
114,ASP,HIS,T,75.46,-0.06
114,ASP,ILE,T,75.46,-0.13
114,ASP,LYS,T,75.46,0.08
114,ASP,LEU,T,75.46,-0.09
114,ASP,MET,T,75.46,-0.32
114,ASP,ASN,T,75.46,-0.07
114,ASP,PRO,T,75.46,-0.52
114,ASP,GLN,T,75.46,-0.11
114,ASP,ARG,T,75.46,0.03
114,ASP,SER,T,75.46,-0.13
114,ASP,THR,T,75.46,-0.25
114,ASP,VAL,T,75.46,-0.18
114,ASP,TRP,T,75.46,0.28
114,ASP,TYR,T,75.46,0.21
115,GLY,ALA,T,77.1,0.57
115,GLY,CYS,T,77.1,0.3
115,GLY,ASP,T,77.1,0.62
115,GLY,GLU,T,77.1,1.12
115,GLY,PHE,T,77.1,0.78
115,GLY,HIS,T,77.1,0.83
115,GLY,ILE,T,77.1,0.89
115,GLY,LYS,T,77.1,1.08
115,GLY,LEU,T,77.1,0.57
115,GLY,MET,T,77.1,0.59
115,GLY,ASN,T,77.1,0.3
115,GLY,PRO,T,77.1,1.16
115,GLY,GLN,T,77.1,0.85
115,GLY,ARG,T,77.1,0.97
115,GLY,SER,T,77.1,0.74
115,GLY,THR,T,77.1,0.87
115,GLY,VAL,T,77.1,0.94
115,GLY,TRP,T,77.1,0.85
115,GLY,TYR,T,77.1,0.91
116,ASN,ALA,S,14.28,0.74
116,ASN,CYS,S,14.28,0.67
116,ASN,ASP,S,14.28,0.48
116,ASN,GLU,S,14.28,1.09
116,ASN,PHE,S,14.28,0.73
116,ASN,GLY,S,14.28,1.25
116,ASN,HIS,S,14.28,0.37
116,ASN,ILE,S,14.28,0.73
116,ASN,LYS,S,14.28,1.17
116,ASN,LEU,S,14.28,0.37
116,ASN,MET,S,14.28,0.06
116,ASN,PRO,S,14.28,1.57
116,ASN,GLN,S,14.28,0.67
116,ASN,ARG,S,14.28,1.04
116,ASN,SER,S,14.28,0.19
116,ASN,THR,S,14.28,-0.01
116,ASN,VAL,S,14.28,0.58
116,ASN,TRP,S,14.28,0.46
116,ASN,TYR,S,14.28,0.75
117,PRO,ALA,H,5.41,1.22
117,PRO,CYS,H,5.41,0.81
117,PRO,ASP,H,5.41,1.52
117,PRO,GLU,H,5.41,1.63
117,PRO,PHE,H,5.41,0.35
117,PRO,GLY,H,5.41,3.07
117,PRO,HIS,H,5.41,0.98
117,PRO,ILE,H,5.41,0.51
117,PRO,LYS,H,5.41,1.89
117,PRO,LEU,H,5.41,0.53
117,PRO,MET,H,5.41,0.71
117,PRO,ASN,H,5.41,1.5
117,PRO,GLN,H,5.41,1.34
117,PRO,ARG,H,5.41,1.17
117,PRO,SER,H,5.41,1.43
117,PRO,THR,H,5.41,0.87
117,PRO,VAL,H,5.41,0.5
117,PRO,TRP,H,5.41,0.24
117,PRO,TYR,H,5.41,0.61
118,ILE,ALA,H,0.1,3.6
118,ILE,CYS,H,0.1,2.33
118,ILE,ASP,H,0.1,3.22
118,ILE,GLU,H,0.1,2.55
118,ILE,PHE,H,0.1,1.26
118,ILE,GLY,H,0.1,3.93
118,ILE,HIS,H,0.1,2.2
118,ILE,LYS,H,0.1,3.02
118,ILE,LEU,H,0.1,1.15
118,ILE,MET,H,0.1,1.43
118,ILE,ASN,H,0.1,3.04
118,ILE,PRO,H,0.1,3.48
118,ILE,GLN,H,0.1,2.53
118,ILE,ARG,H,0.1,2.58
118,ILE,SER,H,0.1,2.85
118,ILE,THR,H,0.1,2.39
118,ILE,VAL,H,0.1,1.28
118,ILE,TRP,H,0.1,1.08
118,ILE,TYR,H,0.1,1.17
119,PRO,ALA,H,2.59,0.46
119,PRO,CYS,H,2.59,-0.01
119,PRO,ASP,H,2.59,0.45
119,PRO,GLU,H,2.59,0.26
119,PRO,PHE,H,2.59,-0.6
119,PRO,GLY,H,2.59,0.86
119,PRO,HIS,H,2.59,-0.22
119,PRO,ILE,H,2.59,-0.26
119,PRO,LYS,H,2.59,0.39
119,PRO,LEU,H,2.59,-0.57
119,PRO,MET,H,2.59,-0.56
119,PRO,ASN,H,2.59,-0.12
119,PRO,GLN,H,2.59,-0.06
119,PRO,ARG,H,2.59,0.1
119,PRO,SER,H,2.59,0.47
119,PRO,THR,H,2.59,-0.05
119,PRO,VAL,H,2.59,-0.4
119,PRO,TRP,H,2.59,-0.16
119,PRO,TYR,H,2.59,-0.38
120,SER,ALA,H,44.27,0.06
120,SER,CYS,H,44.27,0.63
120,SER,ASP,H,44.27,0.57
120,SER,GLU,H,44.27,0.56
120,SER,PHE,H,44.27,0.94
120,SER,GLY,H,44.27,0.61
120,SER,HIS,H,44.27,0.6
120,SER,ILE,H,44.27,0.94
120,SER,LYS,H,44.27,0.55
120,SER,LEU,H,44.27,0.67
120,SER,MET,H,44.27,0.45
120,SER,ASN,H,44.27,0.59
120,SER,PRO,H,44.27,1.77
120,SER,GLN,H,44.27,0.37
120,SER,ARG,H,44.27,0.38
120,SER,THR,H,44.27,0.54
120,SER,VAL,H,44.27,0.79
120,SER,TRP,H,44.27,1.02
120,SER,TYR,H,44.27,0.86
121,ALA,CYS,H,2.47,0.69
121,ALA,ASP,H,2.47,1.05
121,ALA,GLU,H,2.47,1.04
121,ALA,PHE,H,2.47,0.51
121,ALA,GLY,H,2.47,1.39
121,ALA,HIS,H,2.47,0.84
121,ALA,ILE,H,2.47,0.17
121,ALA,LYS,H,2.47,1.26
121,ALA,LEU,H,2.47,0.21
121,ALA,MET,H,2.47,0.34
121,ALA,ASN,H,2.47,1.12
121,ALA,PRO,H,2.47,1.05
121,ALA,GLN,H,2.47,1.04
121,ALA,ARG,H,2.47,1.19
121,ALA,SER,H,2.47,0.79
121,ALA,THR,H,2.47,0.67
121,ALA,VAL,H,2.47,0.31
121,ALA,TRP,H,2.47,0.3
121,ALA,TYR,H,2.47,0.69
122,ILE,ALA,H,0.11,3.65
122,ILE,CYS,H,0.11,2.98
122,ILE,ASP,H,0.11,4.14
122,ILE,GLU,H,0.11,3.4
122,ILE,PHE,H,0.11,1.33
122,ILE,GLY,H,0.11,4.8
122,ILE,HIS,H,0.11,2.4
122,ILE,LYS,H,0.11,3.17
122,ILE,LEU,H,0.11,0.73
122,ILE,MET,H,0.11,1.13
122,ILE,ASN,H,0.11,3.51
122,ILE,PRO,H,0.11,3.87
122,ILE,GLN,H,0.11,2.7
122,ILE,ARG,H,0.11,2.41
122,ILE,SER,H,0.11,3.8
122,ILE,THR,H,0.11,3.2
122,ILE,VAL,H,0.11,2.01
122,ILE,TRP,H,0.11,1.41
122,ILE,TYR,H,0.11,1.55
123,ALA,CYS,H,15.69,0.65
123,ALA,ASP,H,15.69,1.28
123,ALA,GLU,H,15.69,1.06
123,ALA,PHE,H,15.69,0.61
123,ALA,GLY,H,15.69,1.12
123,ALA,HIS,H,15.69,0.64
123,ALA,ILE,H,15.69,1.13
123,ALA,LYS,H,15.69,0.9
123,ALA,LEU,H,15.69,0.5
123,ALA,MET,H,15.69,0.53
123,ALA,ASN,H,15.69,0.76
123,ALA,PRO,H,15.69,1.47
123,ALA,GLN,H,15.69,0.65
123,ALA,ARG,H,15.69,0.57
123,ALA,SER,H,15.69,0.66
123,ALA,THR,H,15.69,0.82
123,ALA,VAL,H,15.69,0.9
123,ALA,TRP,H,15.69,0.56
123,ALA,TYR,H,15.69,0.75
124,ALA,CYS,T,44.16,0.25
124,ALA,ASP,T,44.16,0.37
124,ALA,GLU,T,44.16,0.8
124,ALA,PHE,T,44.16,0.85
124,ALA,GLY,T,44.16,0.63
124,ALA,HIS,T,44.16,0.47
124,ALA,ILE,T,44.16,1.07
124,ALA,LYS,T,44.16,0.69
124,ALA,LEU,T,44.16,0.61
124,ALA,MET,T,44.16,0.56
124,ALA,ASN,T,44.16,0.17
124,ALA,PRO,T,44.16,1.92
124,ALA,GLN,T,44.16,0.52
124,ALA,ARG,T,44.16,0.6
124,ALA,SER,T,44.16,-0.08
124,ALA,THR,T,44.16,0.12
124,ALA,VAL,T,44.16,0.97
124,ALA,TRP,T,44.16,1.19
124,ALA,TYR,T,44.16,0.92
125,ASN,ALA,T,23.79,1.98
125,ASN,CYS,T,23.79,1.2
125,ASN,ASP,T,23.79,1.25
125,ASN,GLU,T,23.79,2.07
125,ASN,PHE,T,23.79,0.52
125,ASN,GLY,T,23.79,0.46
125,ASN,HIS,T,23.79,0.79
125,ASN,ILE,T,23.79,1.37
125,ASN,LYS,T,23.79,1.64
125,ASN,LEU,T,23.79,0.93
125,ASN,MET,T,23.79,0.76
125,ASN,PRO,T,23.79,2.51
125,ASN,GLN,T,23.79,1.32
125,ASN,ARG,T,23.79,1.18
125,ASN,SER,T,23.79,1.57
125,ASN,THR,T,23.79,1.55
125,ASN,VAL,T,23.79,1.38
125,ASN,TRP,T,23.79,0.64
125,ASN,TYR,T,23.79,0.75
126,SER,ALA,C,25.56,0.57
126,SER,CYS,C,25.56,0.14
126,SER,ASP,C,25.56,1.09
126,SER,GLU,C,25.56,0.8
126,SER,PHE,C,25.56,-0.06
126,SER,GLY,C,25.56,1.08
126,SER,HIS,C,25.56,0.41
126,SER,ILE,C,25.56,-0.12
126,SER,LYS,C,25.56,0.45
126,SER,LEU,C,25.56,0.19
126,SER,MET,C,25.56,0.15
126,SER,ASN,C,25.56,0.71
126,SER,PRO,C,25.56,2.22
126,SER,GLN,C,25.56,0.42
126,SER,ARG,C,25.56,0.15
126,SER,THR,C,25.56,0.36
126,SER,VAL,C,25.56,0.01
126,SER,TRP,C,25.56,0.03
126,SER,TYR,C,25.56,0.2
127,GLY,ALA,C,21.36,0.13
127,GLY,CYS,C,21.36,-0.1
127,GLY,ASP,C,21.36,0.87
127,GLY,GLU,C,21.36,0.66
127,GLY,PHE,C,21.36,0.01
127,GLY,HIS,C,21.36,-0.05
127,GLY,ILE,C,21.36,0
127,GLY,LYS,C,21.36,0.49
127,GLY,LEU,C,21.36,0.22
127,GLY,MET,C,21.36,0.1
127,GLY,ASN,C,21.36,0.41
127,GLY,PRO,C,21.36,1.25
127,GLY,GLN,C,21.36,0.22
127,GLY,ARG,C,21.36,0.22
127,GLY,SER,C,21.36,0.26
127,GLY,THR,C,21.36,-0.09
127,GLY,VAL,C,21.36,-0.24
127,GLY,TRP,C,21.36,0.13
127,GLY,TYR,C,21.36,-0.04
128,ILE,ALA,C,6.47,2.13
128,ILE,CYS,C,6.47,1.23
128,ILE,ASP,C,6.47,2.25
128,ILE,GLU,C,6.47,2.12
128,ILE,PHE,C,6.47,0.58
128,ILE,GLY,C,6.47,2.8
128,ILE,HIS,C,6.47,1.12
128,ILE,LYS,C,6.47,2.08
128,ILE,LEU,C,6.47,0.74
128,ILE,MET,C,6.47,0.88
128,ILE,ASN,C,6.47,1.69
128,ILE,PRO,C,6.47,1.35
128,ILE,GLN,C,6.47,1.74
128,ILE,ARG,C,6.47,1.28
128,ILE,SER,C,6.47,2.04
128,ILE,THR,C,6.47,1.46
128,ILE,VAL,C,6.47,0.84
128,ILE,TRP,C,6.47,0.67
128,ILE,TYR,C,6.47,0.71
129,TYR,ALA,C,65.38,0.42
129,TYR,CYS,C,65.38,0.11
129,TYR,ASP,C,65.38,0.37
129,TYR,GLU,C,65.38,0.35
129,TYR,PHE,C,65.38,-0.08
129,TYR,GLY,C,65.38,0.4
129,TYR,HIS,C,65.38,0.08
129,TYR,ILE,C,65.38,0.03
129,TYR,LYS,C,65.38,0.31
129,TYR,LEU,C,65.38,0.08
129,TYR,MET,C,65.38,0.1
129,TYR,ASN,C,65.38,0.26
129,TYR,PRO,C,65.38,0.25
129,TYR,GLN,C,65.38,0.29
129,TYR,ARG,C,65.38,0.27
129,TYR,SER,C,65.38,0.4
129,TYR,THR,C,65.38,0.25
129,TYR,VAL,C,65.38,0.11
129,TYR,TRP,C,65.38,0.11
