﻿Position,Original,Residue,SS,SASA,d_Stability
1,ALA,CYS,C,96.69,-0.22
1,ALA,ASP,C,96.69,0.2
1,ALA,GLU,C,96.69,0.32
1,ALA,PHE,C,96.69,0.29
1,ALA,GLY,C,96.69,-0.17
1,ALA,HIS,C,96.69,0.18
1,ALA,ILE,C,96.69,0.1
1,ALA,LYS,C,96.69,0.31
1,ALA,LEU,C,96.69,0.23
1,ALA,MET,C,96.69,0.09
1,ALA,ASN,C,96.69,0.12
1,ALA,PRO,C,96.69,0.08
1,ALA,GLN,C,96.69,0.23
1,ALA,ARG,C,96.69,0.23
1,ALA,SER,C,96.69,-0.11
1,ALA,THR,C,96.69,-0.03
1,ALA,VAL,C,96.69,-0.02
1,ALA,TRP,C,96.69,0.45
1,ALA,TYR,C,96.69,0.33
2,ALA,CYS,C,0,0.77
2,ALA,ASP,C,0,0.86
2,ALA,GLU,C,0,0.87
2,ALA,PHE,C,0,0.72
2,ALA,GLY,C,0,1.19
2,ALA,HIS,C,0,0.8
2,ALA,ILE,C,0,0.74
2,ALA,LYS,C,0,0.91
2,ALA,LEU,C,0,0.74
2,ALA,MET,C,0,0.75
2,ALA,ASN,C,0,0.83
2,ALA,PRO,C,0,0.83
2,ALA,GLN,C,0,0.84
2,ALA,ARG,C,0,0.85
2,ALA,SER,C,0,0.83
2,ALA,THR,C,0,0.81
2,ALA,VAL,C,0,0.75
2,ALA,TRP,C,0,0.72
2,ALA,TYR,C,0,0.74
2,SER,ALA,C,52.06,0.33
2,SER,CYS,C,52.06,-0.14
2,SER,ASP,C,52.06,0.36
2,SER,GLU,C,52.06,0.8
2,SER,PHE,C,52.06,0.37
2,SER,GLY,C,52.06,0.54
2,SER,HIS,C,52.06,0.45
2,SER,ILE,C,52.06,0.36
2,SER,LYS,C,52.06,0.85
2,SER,LEU,C,52.06,0.43
2,SER,MET,C,52.06,0.47
2,SER,ASN,C,52.06,0.41
2,SER,PRO,C,52.06,0.13
2,SER,GLN,C,52.06,0.73
2,SER,ARG,C,52.06,0.65
2,SER,THR,C,52.06,0.43
2,SER,VAL,C,52.06,0.38
2,SER,TRP,C,52.06,0.55
2,SER,TYR,C,52.06,0.44
3,ASN,ALA,S,23.67,1.08
3,ASN,CYS,S,23.67,1
3,ASN,ASP,S,23.67,0.99
3,ASN,GLU,S,23.67,1.31
3,ASN,PHE,S,23.67,0.67
3,ASN,GLY,S,23.67,1.65
3,ASN,HIS,S,23.67,0.61
3,ASN,ILE,S,23.67,0.51
3,ASN,LYS,S,23.67,1.05
3,ASN,LEU,S,23.67,0.43
3,ASN,MET,S,23.67,0.58
3,ASN,PRO,S,23.67,0.44
3,ASN,GLN,S,23.67,0.75
3,ASN,ARG,S,23.67,0.64
3,ASN,SER,S,23.67,1.01
3,ASN,THR,S,23.67,0.5
3,ASN,VAL,S,23.67,0.57
3,ASN,TRP,S,23.67,0.67
3,ASN,TYR,S,23.67,0.66
4,PHE,ALA,C,6.21,2.68
4,PHE,CYS,C,6.21,2.09
4,PHE,ASP,C,6.21,2.79
4,PHE,GLU,C,6.21,2.67
4,PHE,GLY,C,6.21,3.59
4,PHE,HIS,C,6.21,1.99
4,PHE,ILE,C,6.21,1.44
4,PHE,LYS,C,6.21,2.46
4,PHE,LEU,C,6.21,1.39
4,PHE,MET,C,6.21,1.58
4,PHE,ASN,C,6.21,2.59
4,PHE,PRO,C,6.21,3.12
4,PHE,GLN,C,6.21,2.43
4,PHE,ARG,C,6.21,2
4,PHE,SER,C,6.21,2.78
4,PHE,THR,C,6.21,2.46
4,PHE,VAL,C,6.21,1.62
4,PHE,TRP,C,6.21,0.69
4,PHE,TYR,C,6.21,0.84
5,THR,ALA,C,45.32,0.83
5,THR,CYS,C,45.32,0.28
5,THR,ASP,C,45.32,0.95
5,THR,GLU,C,45.32,0.73
5,THR,PHE,C,45.32,0.67
5,THR,GLY,C,45.32,0.69
5,THR,HIS,C,45.32,0.43
5,THR,ILE,C,45.32,0.22
5,THR,LYS,C,45.32,0.62
5,THR,LEU,C,45.32,0.41
5,THR,MET,C,45.32,0.52
5,THR,ASN,C,45.32,0.63
5,THR,PRO,C,45.32,1.24
5,THR,GLN,C,45.32,0.42
5,THR,ARG,C,45.32,0.34
5,THR,SER,C,45.32,0.74
5,THR,VAL,C,45.32,-0.11
5,THR,TRP,C,45.32,1.06
5,THR,TYR,C,45.32,0.73
6,GLN,ALA,C,64.26,0.01
6,GLN,CYS,C,64.26,-0.13
6,GLN,ASP,C,64.26,0.17
6,GLN,GLU,C,64.26,-0.07
6,GLN,PHE,C,64.26,-0.26
6,GLN,GLY,C,64.26,0.59
6,GLN,HIS,C,64.26,0
6,GLN,ILE,C,64.26,-0.22
6,GLN,LYS,C,64.26,0.1
6,GLN,LEU,C,64.26,-0.29
6,GLN,MET,C,64.26,-0.25
6,GLN,ASN,C,64.26,0.14
6,GLN,PRO,C,64.26,-0.27
6,GLN,ARG,C,64.26,-0.04
6,GLN,SER,C,64.26,0.22
6,GLN,THR,C,64.26,0.05
6,GLN,VAL,C,64.26,-0.21
6,GLN,TRP,C,64.26,-0.12
6,GLN,TYR,C,64.26,-0.23
7,PHE,ALA,E,4.32,3.4
7,PHE,CYS,E,4.32,2.26
7,PHE,ASP,E,4.32,3.48
7,PHE,GLU,E,4.32,3.52
7,PHE,GLY,E,4.32,3.5
7,PHE,HIS,E,4.32,2.14
7,PHE,ILE,E,4.32,1.56
7,PHE,LYS,E,4.32,2.89
7,PHE,LEU,E,4.32,1.71
7,PHE,MET,E,4.32,1.66
7,PHE,ASN,E,4.32,2.82
7,PHE,PRO,E,4.32,3.62
7,PHE,GLN,E,4.32,2.88
7,PHE,ARG,E,4.32,2.41
7,PHE,SER,E,4.32,3.39
7,PHE,THR,E,4.32,2.43
7,PHE,VAL,E,4.32,1.77
7,PHE,TRP,E,4.32,1.03
7,PHE,TYR,E,4.32,0.91
8,VAL,ALA,E,28.72,0.86
8,VAL,CYS,E,28.72,0.89
8,VAL,ASP,E,28.72,0.67
8,VAL,GLU,E,28.72,1.22
8,VAL,PHE,E,28.72,0.67
8,VAL,GLY,E,28.72,1.49
8,VAL,HIS,E,28.72,0.49
8,VAL,ILE,E,28.72,0.87
8,VAL,LYS,E,28.72,0.91
8,VAL,LEU,E,28.72,0.91
8,VAL,MET,E,28.72,0.75
8,VAL,ASN,E,28.72,0.39
8,VAL,PRO,E,28.72,-0.27
8,VAL,GLN,E,28.72,0.86
8,VAL,ARG,E,28.72,0.66
8,VAL,SER,E,28.72,0.49
8,VAL,THR,E,28.72,0.23
8,VAL,TRP,E,28.72,0.37
8,VAL,TYR,E,28.72,0.64
9,LEU,ALA,E,0,2.94
9,LEU,CYS,E,0,1.94
9,LEU,ASP,E,0,3.77
9,LEU,GLU,E,0,3.51
9,LEU,PHE,E,0,1.02
9,LEU,GLY,E,0,4.05
9,LEU,HIS,E,0,2.13
9,LEU,ILE,E,0,0.68
9,LEU,LYS,E,0,3.07
9,LEU,MET,E,0,1.37
9,LEU,ASN,E,0,3.28
9,LEU,PRO,E,0,2.72
9,LEU,GLN,E,0,2.82
9,LEU,ARG,E,0,2.26
9,LEU,SER,E,0,3.16
9,LEU,THR,E,0,2.42
9,LEU,VAL,E,0,0.95
9,LEU,TRP,E,0,0.87
9,LEU,TYR,E,0,0.99
10,VAL,ALA,E,0.06,2.61
10,VAL,CYS,E,0.06,1.64
10,VAL,ASP,E,0.06,2.15
10,VAL,GLU,E,0.06,2.61
10,VAL,PHE,E,0.06,0.69
10,VAL,GLY,E,0.06,2.57
10,VAL,HIS,E,0.06,1.36
10,VAL,ILE,E,0.06,0.97
10,VAL,LYS,E,0.06,2.57
10,VAL,LEU,E,0.06,1.42
10,VAL,MET,E,0.06,1.48
10,VAL,ASN,E,0.06,1.65
10,VAL,PRO,E,0.06,3.5
10,VAL,GLN,E,0.06,2.22
10,VAL,ARG,E,0.06,1.93
10,VAL,SER,E,0.06,2.26
10,VAL,THR,E,0.06,1.62
10,VAL,TRP,E,0.06,1.19
10,VAL,TYR,E,0.06,1
11,ASP,ALA,C,40.73,0.51
11,ASP,CYS,C,40.73,0.66
11,ASP,GLU,C,40.73,0.92
11,ASP,PHE,C,40.73,0.78
11,ASP,GLY,C,40.73,1.19
11,ASP,HIS,C,40.73,0.48
11,ASP,ILE,C,40.73,0.72
11,ASP,LYS,C,40.73,1.08
11,ASP,LEU,C,40.73,0.75
11,ASP,MET,C,40.73,0.8
11,ASP,ASN,C,40.73,0.54
11,ASP,PRO,C,40.73,0.01
11,ASP,GLN,C,40.73,0.85
11,ASP,ARG,C,40.73,0.86
11,ASP,SER,C,40.73,0.48
11,ASP,THR,C,40.73,0.59
11,ASP,VAL,C,40.73,0.56
11,ASP,TRP,C,40.73,0.79
11,ASP,TYR,C,40.73,0.72
12,ASN,ALA,C,38.63,0.15
12,ASN,CYS,C,38.63,0.09
12,ASN,ASP,C,38.63,0.15
12,ASN,GLU,C,38.63,0.47
12,ASN,PHE,C,38.63,0.23
12,ASN,GLY,C,38.63,1.13
12,ASN,HIS,C,38.63,0.05
12,ASN,ILE,C,38.63,-0.04
12,ASN,LYS,C,38.63,0.49
12,ASN,LEU,C,38.63,-0.09
12,ASN,MET,C,38.63,0.12
12,ASN,PRO,C,38.63,0.27
12,ASN,GLN,C,38.63,0.27
12,ASN,ARG,C,38.63,0.53
12,ASN,SER,C,38.63,0.27
12,ASN,THR,C,38.63,-0.08
12,ASN,VAL,C,38.63,-0.2
12,ASN,TRP,C,38.63,0.56
12,ASN,TYR,C,38.63,0.26
13,GLY,ALA,S,80.5,0.55
13,GLY,CYS,S,80.5,0.57
13,GLY,ASP,S,80.5,0.29
13,GLY,GLU,S,80.5,0.78
13,GLY,PHE,S,80.5,0.93
13,GLY,HIS,S,80.5,0.45
13,GLY,ILE,S,80.5,1.49
13,GLY,LYS,S,80.5,0.82
13,GLY,LEU,S,80.5,1.02
13,GLY,MET,S,80.5,1.04
13,GLY,ASN,S,80.5,0
13,GLY,PRO,S,80.5,1.79
13,GLY,GLN,S,80.5,0.68
13,GLY,ARG,S,80.5,0.64
13,GLY,SER,S,80.5,0.5
13,GLY,THR,S,80.5,0.96
13,GLY,VAL,S,80.5,1.45
13,GLY,TRP,S,80.5,1.16
13,GLY,TYR,S,80.5,0.87
14,GLY,ALA,S,68.97,1.21
14,GLY,CYS,S,68.97,1.06
14,GLY,ASP,S,68.97,1.54
14,GLY,GLU,S,68.97,1.54
14,GLY,PHE,S,68.97,1.37
14,GLY,HIS,S,68.97,1.34
14,GLY,ILE,S,68.97,1.75
14,GLY,LYS,S,68.97,1.65
14,GLY,LEU,S,68.97,1.53
14,GLY,MET,S,68.97,1.36
14,GLY,ASN,S,68.97,1.19
14,GLY,PRO,S,68.97,2.33
14,GLY,GLN,S,68.97,1.49
14,GLY,ARG,S,68.97,1.39
14,GLY,SER,S,68.97,1.29
14,GLY,THR,S,68.97,1.66
14,GLY,VAL,S,68.97,1.61
14,GLY,TRP,S,68.97,1.58
14,GLY,TYR,S,68.97,1.42
15,THR,ALA,S,78.73,0.15
15,THR,CYS,S,78.73,-0.14
15,THR,ASP,S,78.73,0.46
15,THR,GLU,S,78.73,0.36
15,THR,PHE,S,78.73,0.57
15,THR,GLY,S,78.73,0.79
15,THR,HIS,S,78.73,0.25
15,THR,ILE,S,78.73,0.01
15,THR,LYS,S,78.73,0.1
15,THR,LEU,S,78.73,0.2
15,THR,MET,S,78.73,0.28
15,THR,ASN,S,78.73,0.26
15,THR,PRO,S,78.73,1.5
15,THR,GLN,S,78.73,0.02
15,THR,ARG,S,78.73,0.12
15,THR,SER,S,78.73,0.09
15,THR,VAL,S,78.73,-0.22
15,THR,TRP,S,78.73,0.67
15,THR,TYR,S,78.73,0.47
16,GLY,ALA,S,77.42,0.49
16,GLY,CYS,S,77.42,0.38
16,GLY,ASP,S,77.42,0.37
16,GLY,GLU,S,77.42,0.71
16,GLY,PHE,S,77.42,0.93
16,GLY,HIS,S,77.42,0.67
16,GLY,ILE,S,77.42,1.16
16,GLY,LYS,S,77.42,0.69
16,GLY,LEU,S,77.42,0.89
16,GLY,MET,S,77.42,0.76
16,GLY,ASN,S,77.42,0.36
16,GLY,PRO,S,77.42,0.93
16,GLY,GLN,S,77.42,0.62
16,GLY,ARG,S,77.42,0.7
16,GLY,SER,S,77.42,0.5
16,GLY,THR,S,77.42,0.99
16,GLY,VAL,S,77.42,1.1
16,GLY,TRP,S,77.42,1.02
16,GLY,TYR,S,77.42,1.01
17,ASP,ALA,C,26.06,0.24
17,ASP,CYS,C,26.06,0.26
17,ASP,GLU,C,26.06,-0.11
17,ASP,PHE,C,26.06,0.47
17,ASP,GLY,C,26.06,1.4
17,ASP,HIS,C,26.06,0.49
17,ASP,ILE,C,26.06,-0.04
17,ASP,LYS,C,26.06,-0.16
17,ASP,LEU,C,26.06,0.13
17,ASP,MET,C,26.06,0.18
17,ASP,ASN,C,26.06,0.2
17,ASP,PRO,C,26.06,0.89
17,ASP,GLN,C,26.06,-0.09
17,ASP,ARG,C,26.06,0.19
17,ASP,SER,C,26.06,0.88
17,ASP,THR,C,26.06,0.42
17,ASP,VAL,C,26.06,0.02
17,ASP,TRP,C,26.06,0.45
17,ASP,TYR,C,26.06,0.42
18,VAL,ALA,E,13.94,1.58
18,VAL,CYS,E,13.94,1.52
18,VAL,ASP,E,13.94,2.15
18,VAL,GLU,E,13.94,1.99
18,VAL,PHE,E,13.94,0.6
18,VAL,GLY,E,13.94,2.92
18,VAL,HIS,E,13.94,1.13
18,VAL,ILE,E,13.94,0.54
18,VAL,LYS,E,13.94,1.77
18,VAL,LEU,E,13.94,0.63
18,VAL,MET,E,13.94,0.91
18,VAL,ASN,E,13.94,1.82
18,VAL,PRO,E,13.94,1.5
18,VAL,GLN,E,13.94,1.7
18,VAL,ARG,E,13.94,1.36
18,VAL,SER,E,13.94,2.01
18,VAL,THR,E,13.94,1.45
18,VAL,TRP,E,13.94,0.59
18,VAL,TYR,E,13.94,0.94
19,THR,ALA,E,33.16,1.09
19,THR,CYS,E,33.16,0.59
19,THR,ASP,E,33.16,1.11
19,THR,GLU,E,33.16,1.05
19,THR,PHE,E,33.16,0.57
19,THR,GLY,E,33.16,1.53
19,THR,HIS,E,33.16,0.59
19,THR,ILE,E,33.16,0.23
19,THR,LYS,E,33.16,0.87
19,THR,LEU,E,33.16,0.54
19,THR,MET,E,33.16,0.64
19,THR,ASN,E,33.16,0.91
19,THR,PRO,E,33.16,1.79
19,THR,GLN,E,33.16,0.76
19,THR,ARG,E,33.16,0.69
19,THR,SER,E,33.16,0.87
19,THR,VAL,E,33.16,0
19,THR,TRP,E,33.16,0.74
19,THR,TYR,E,33.16,0.61
20,VAL,ALA,E,0,2.57
20,VAL,CYS,E,0,1.31
20,VAL,ASP,E,0,3.19
20,VAL,GLU,E,0,3.02
20,VAL,PHE,E,0,0.91
20,VAL,GLY,E,0,3.17
20,VAL,HIS,E,0,1.94
20,VAL,ILE,E,0,0.86
20,VAL,LYS,E,0,3.22
20,VAL,LEU,E,0,1.41
20,VAL,MET,E,0,1.62
20,VAL,ASN,E,0,2.68
20,VAL,PRO,E,0,3.64
20,VAL,GLN,E,0,2.75
20,VAL,ARG,E,0,2.66
20,VAL,SER,E,0,2.45
20,VAL,THR,E,0,1.85
20,VAL,TRP,E,0,1.03
20,VAL,TYR,E,0,0.86
21,ALA,CYS,E,23.8,0.5
21,ALA,ASP,E,23.8,1.12
21,ALA,GLU,E,23.8,0.64
21,ALA,PHE,E,23.8,0.54
21,ALA,GLY,E,23.8,1.03
21,ALA,HIS,E,23.8,0.42
21,ALA,ILE,E,23.8,0.51
21,ALA,LYS,E,23.8,0.65
21,ALA,LEU,E,23.8,0.74
21,ALA,MET,E,23.8,0.66
21,ALA,ASN,E,23.8,0.79
21,ALA,PRO,E,23.8,1.81
21,ALA,GLN,E,23.8,0.39
21,ALA,ARG,E,23.8,0.43
21,ALA,SER,E,23.8,0.68
21,ALA,THR,E,23.8,0.38
21,ALA,VAL,E,23.8,0.47
21,ALA,TRP,E,23.8,0.43
21,ALA,TYR,E,23.8,0.28
22,PRO,ALA,E,22.99,1.75
22,PRO,CYS,E,22.99,1.16
22,PRO,ASP,E,22.99,1.25
22,PRO,GLU,E,22.99,1.97
22,PRO,PHE,E,22.99,0.65
22,PRO,GLY,E,22.99,1.78
22,PRO,HIS,E,22.99,0.92
22,PRO,ILE,E,22.99,0.92
22,PRO,LYS,E,22.99,2.02
22,PRO,LEU,E,22.99,0.92
22,PRO,MET,E,22.99,1.08
22,PRO,ASN,E,22.99,1.24
22,PRO,GLN,E,22.99,1.67
22,PRO,ARG,E,22.99,1.77
22,PRO,SER,E,22.99,1.49
22,PRO,THR,E,22.99,1.28
22,PRO,VAL,E,22.99,0.99
22,PRO,TRP,E,22.99,0.77
22,PRO,TYR,E,22.99,0.91
23,SER,ALA,E,13.76,0.67
23,SER,CYS,E,13.76,0.58
23,SER,ASP,E,13.76,1.13
23,SER,GLU,E,13.76,1.88
23,SER,PHE,E,13.76,0.66
23,SER,GLY,E,13.76,1.44
23,SER,HIS,E,13.76,0.89
23,SER,ILE,E,13.76,0.78
23,SER,LYS,E,13.76,1.88
23,SER,LEU,E,13.76,0.73
23,SER,MET,E,13.76,0.74
23,SER,ASN,E,13.76,1.14
23,SER,PRO,E,13.76,0.87
23,SER,GLN,E,13.76,1.48
23,SER,ARG,E,13.76,1.54
23,SER,THR,E,13.76,0.76
23,SER,VAL,E,13.76,0.58
23,SER,TRP,E,13.76,0.54
23,SER,TYR,E,13.76,0.97
24,ASN,ALA,E,21.76,0.9
24,ASN,CYS,E,21.76,0.28
24,ASN,ASP,E,21.76,0.87
24,ASN,GLU,E,21.76,1.1
24,ASN,PHE,E,21.76,0
24,ASN,GLY,E,21.76,1.55
24,ASN,HIS,E,21.76,0.23
24,ASN,ILE,E,21.76,0
24,ASN,LYS,E,21.76,1.03
24,ASN,LEU,E,21.76,0.39
24,ASN,MET,E,21.76,0.48
24,ASN,PRO,E,21.76,2.53
24,ASN,GLN,E,21.76,0.75
24,ASN,ARG,E,21.76,0.61
24,ASN,SER,E,21.76,0.78
24,ASN,THR,E,21.76,0.42
24,ASN,VAL,E,21.76,0.07
24,ASN,TRP,E,21.76,0.07
24,ASN,TYR,E,21.76,0.17
25,PHE,ALA,E,14.29,3.05
25,PHE,CYS,E,14.29,2.22
25,PHE,ASP,E,14.29,3.14
25,PHE,GLU,E,14.29,2.44
25,PHE,GLY,E,14.29,3.97
25,PHE,HIS,E,14.29,1.73
25,PHE,ILE,E,14.29,1.48
25,PHE,LYS,E,14.29,2.23
25,PHE,LEU,E,14.29,1.47
25,PHE,MET,E,14.29,1.65
25,PHE,ASN,E,14.29,2.53
25,PHE,PRO,E,14.29,3.48
25,PHE,GLN,E,14.29,2.1
25,PHE,ARG,E,14.29,1.85
25,PHE,SER,E,14.29,2.83
25,PHE,THR,E,14.29,2.4
25,PHE,VAL,E,14.29,1.9
25,PHE,TRP,E,14.29,0.96
25,PHE,TYR,E,14.29,0.71
26,ALA,CYS,E,19.67,0.1
26,ALA,ASP,E,19.67,0.13
26,ALA,GLU,E,19.67,0.27
26,ALA,PHE,E,19.67,-0.22
26,ALA,GLY,E,19.67,0.32
26,ALA,HIS,E,19.67,-0.29
26,ALA,ILE,E,19.67,-0.5
26,ALA,LYS,E,19.67,0.21
26,ALA,LEU,E,19.67,0.26
26,ALA,MET,E,19.67,0.23
26,ALA,ASN,E,19.67,0.4
26,ALA,PRO,E,19.67,1.25
26,ALA,GLN,E,19.67,-0.11
26,ALA,ARG,E,19.67,0
26,ALA,SER,E,19.67,-0.01
26,ALA,THR,E,19.67,-0.05
26,ALA,VAL,E,19.67,-0.33
26,ALA,TRP,E,19.67,-0.26
26,ALA,TYR,E,19.67,-0.61
27,ASN,ALA,T,59.97,1.37
27,ASN,CYS,T,59.97,0.94
27,ASN,ASP,T,59.97,0.39
27,ASN,GLU,T,59.97,1.24
27,ASN,PHE,T,59.97,1.4
27,ASN,GLY,T,59.97,0.76
27,ASN,HIS,T,59.97,0.74
27,ASN,ILE,T,59.97,2.09
27,ASN,LYS,T,59.97,1.23
27,ASN,LEU,T,59.97,1.65
27,ASN,MET,T,59.97,1.44
27,ASN,PRO,T,59.97,1.9
27,ASN,GLN,T,59.97,1.19
27,ASN,ARG,T,59.97,1.13
27,ASN,SER,T,59.97,1.03
27,ASN,THR,T,59.97,1.58
27,ASN,VAL,T,59.97,1.89
27,ASN,TRP,T,59.97,1.61
27,ASN,TYR,T,59.97,1.14
28,GLY,ALA,T,19.16,2.74
28,GLY,CYS,T,19.16,1.67
28,GLY,ASP,T,19.16,2.42
28,GLY,GLU,T,19.16,3.3
28,GLY,PHE,T,19.16,1.52
28,GLY,HIS,T,19.16,2.14
28,GLY,ILE,T,19.16,2.56
28,GLY,LYS,T,19.16,2.84
28,GLY,LEU,T,19.16,2.16
28,GLY,MET,T,19.16,2.16
28,GLY,ASN,T,19.16,1.6
28,GLY,PRO,T,19.16,2.85
28,GLY,GLN,T,19.16,2.45
28,GLY,ARG,T,19.16,2.46
28,GLY,SER,T,19.16,2.24
28,GLY,THR,T,19.16,2.75
28,GLY,VAL,T,19.16,2.44
28,GLY,TRP,T,19.16,1.68
28,GLY,TYR,T,19.16,1.82
29,VAL,ALA,E,35.08,1.2
29,VAL,CYS,E,35.08,0.79
29,VAL,ASP,E,35.08,1.32
29,VAL,GLU,E,35.08,0.97
29,VAL,PHE,E,35.08,0.79
29,VAL,GLY,E,35.08,1.7
29,VAL,HIS,E,35.08,0.58
29,VAL,ILE,E,35.08,0.52
29,VAL,LYS,E,35.08,0.61
29,VAL,LEU,E,35.08,0.9
29,VAL,MET,E,35.08,0.85
29,VAL,ASN,E,35.08,0.84
29,VAL,PRO,E,35.08,2.2
29,VAL,GLN,E,35.08,0.52
29,VAL,ARG,E,35.08,0.79
29,VAL,SER,E,35.08,1.04
29,VAL,THR,E,35.08,0.54
29,VAL,TRP,E,35.08,1.2
29,VAL,TYR,E,35.08,0.84
30,ALA,CYS,E,0,0.37
30,ALA,ASP,E,0,1.65
30,ALA,GLU,E,0,1.89
30,ALA,PHE,E,0,-0.07
30,ALA,GLY,E,0,1.74
30,ALA,HIS,E,0,0.49
30,ALA,ILE,E,0,0.38
30,ALA,LYS,E,0,1.96
30,ALA,LEU,E,0,0.39
30,ALA,MET,E,0,0.59
30,ALA,ASN,E,0,1.52
30,ALA,PRO,E,0,1.11
30,ALA,GLN,E,0,1.39
30,ALA,ARG,E,0,1.7
30,ALA,SER,E,0,1.23
30,ALA,THR,E,0,0.9
30,ALA,VAL,E,0,0.38
30,ALA,TRP,E,0,-0.1
30,ALA,TYR,E,0,0.06
31,GLU,ALA,E,13.05,0.7
31,GLU,CYS,E,13.05,-0.18
31,GLU,ASP,E,13.05,0.98
31,GLU,PHE,E,13.05,-0.64
31,GLU,GLY,E,13.05,1.04
31,GLU,HIS,E,13.05,-0.18
31,GLU,ILE,E,13.05,-1.27
31,GLU,LYS,E,13.05,0.53
31,GLU,LEU,E,13.05,-0.86
31,GLU,MET,E,13.05,-0.6
31,GLU,ASN,E,13.05,0.57
31,GLU,PRO,E,13.05,0.98
31,GLU,GLN,E,13.05,0.35
31,GLU,ARG,E,13.05,0.43
31,GLU,SER,E,13.05,0.8
31,GLU,THR,E,13.05,-0.32
31,GLU,VAL,E,13.05,-1.06
31,GLU,TRP,E,13.05,-0.34
31,GLU,TYR,E,13.05,-0.67
32,TRP,ALA,E,0,4.57
32,TRP,CYS,E,0,2.75
32,TRP,ASP,E,0,4.33
32,TRP,GLU,E,0,4.4
32,TRP,PHE,E,0,0.98
32,TRP,GLY,E,0,4.82
32,TRP,HIS,E,0,2.34
32,TRP,ILE,E,0,1.98
32,TRP,LYS,E,0,4.25
32,TRP,LEU,E,0,2.01
32,TRP,MET,E,0,2.13
32,TRP,ASN,E,0,3.37
32,TRP,PRO,E,0,4.55
32,TRP,GLN,E,0,3.75
32,TRP,ARG,E,0,3.3
32,TRP,SER,E,0,3.94
32,TRP,THR,E,0,3.19
32,TRP,VAL,E,0,2.41
32,TRP,TYR,E,0,1.03
33,ILE,ALA,E,7.66,2.41
33,ILE,CYS,E,7.66,1.38
33,ILE,ASP,E,7.66,1.75
33,ILE,GLU,E,7.66,1.98
33,ILE,PHE,E,7.66,0.67
33,ILE,GLY,E,7.66,2.57
33,ILE,HIS,E,7.66,0.84
33,ILE,LYS,E,7.66,1.72
33,ILE,LEU,E,7.66,1.34
33,ILE,MET,E,7.66,1.25
33,ILE,ASN,E,7.66,1.48
33,ILE,PRO,E,7.66,2.46
33,ILE,GLN,E,7.66,1.5
33,ILE,ARG,E,7.66,1.47
33,ILE,SER,E,7.66,1.63
33,ILE,THR,E,7.66,1.12
33,ILE,VAL,E,7.66,1.01
33,ILE,TRP,E,7.66,1.12
33,ILE,TYR,E,7.66,0.87
34,SER,ALA,S,26.83,0.32
34,SER,CYS,S,26.83,0.6
34,SER,ASP,S,26.83,0.86
34,SER,GLU,S,26.83,0.54
34,SER,PHE,S,26.83,0.25
34,SER,GLY,S,26.83,1.33
34,SER,HIS,S,26.83,0.48
34,SER,ILE,S,26.83,0.19
34,SER,LYS,S,26.83,0.63
34,SER,LEU,S,26.83,0.2
34,SER,MET,S,26.83,0.48
34,SER,ASN,S,26.83,0.98
34,SER,PRO,S,26.83,0.52
34,SER,GLN,S,26.83,0.6
34,SER,ARG,S,26.83,0.6
34,SER,THR,S,26.83,0.47
34,SER,VAL,S,26.83,0.06
34,SER,TRP,S,26.83,-0.06
34,SER,TYR,S,26.83,0.19
35,SER,ALA,S,46.86,0.5
35,SER,CYS,S,46.86,0.3
35,SER,ASP,S,46.86,0.54
35,SER,GLU,S,46.86,0.68
35,SER,PHE,S,46.86,0.71
35,SER,GLY,S,46.86,0.63
35,SER,HIS,S,46.86,0.51
35,SER,ILE,S,46.86,0.82
35,SER,LYS,S,46.86,0.73
35,SER,LEU,S,46.86,0.94
35,SER,MET,S,46.86,0.87
35,SER,ASN,S,46.86,0.39
35,SER,PRO,S,46.86,1.89
35,SER,GLN,S,46.86,0.64
35,SER,ARG,S,46.86,0.86
35,SER,THR,S,46.86,0.26
35,SER,VAL,S,46.86,0.57
35,SER,TRP,S,46.86,0.96
35,SER,TYR,S,46.86,0.67
36,ASN,ALA,S,30.34,1.03
36,ASN,CYS,S,30.34,0.49
36,ASN,ASP,S,30.34,0.76
36,ASN,GLU,S,30.34,1.21
36,ASN,PHE,S,30.34,0.21
36,ASN,GLY,S,30.34,1.43
36,ASN,HIS,S,30.34,0.5
36,ASN,ILE,S,30.34,0.47
36,ASN,LYS,S,30.34,1.08
36,ASN,LEU,S,30.34,0.69
36,ASN,MET,S,30.34,0.49
36,ASN,PRO,S,30.34,0.87
36,ASN,GLN,S,30.34,0.82
36,ASN,ARG,S,30.34,0.79
36,ASN,SER,S,30.34,0.76
36,ASN,THR,S,30.34,0.58
36,ASN,VAL,S,30.34,0.44
36,ASN,TRP,S,30.34,0.12
36,ASN,TYR,S,30.34,0.13
37,PRO,ALA,S,12.33,2.66
37,PRO,CYS,S,12.33,1.53
37,PRO,ASP,S,12.33,1.72
37,PRO,GLU,S,12.33,2.47
37,PRO,PHE,S,12.33,1.37
37,PRO,GLY,S,12.33,2.73
37,PRO,HIS,S,12.33,1.5
37,PRO,ILE,S,12.33,1.56
37,PRO,LYS,S,12.33,2.47
37,PRO,LEU,S,12.33,1.81
37,PRO,MET,S,12.33,1.48
37,PRO,ASN,S,12.33,1.56
37,PRO,GLN,S,12.33,2.19
37,PRO,ARG,S,12.33,1.98
37,PRO,SER,S,12.33,1.9
37,PRO,THR,S,12.33,1.44
37,PRO,VAL,S,12.33,1.65
37,PRO,TRP,S,12.33,1.15
37,PRO,TYR,S,12.33,1.58
38,ARG,ALA,T,16.31,1.13
38,ARG,CYS,T,16.31,0.7
38,ARG,ASP,T,16.31,0.61
38,ARG,GLU,T,16.31,0.75
38,ARG,PHE,T,16.31,-0.11
38,ARG,GLY,T,16.31,1.63
38,ARG,HIS,T,16.31,-0.06
38,ARG,ILE,T,16.31,0.4
38,ARG,LYS,T,16.31,0.78
38,ARG,LEU,T,16.31,0.12
38,ARG,MET,T,16.31,0.3
38,ARG,ASN,T,16.31,0.45
38,ARG,PRO,T,16.31,0.78
38,ARG,GLN,T,16.31,0.51
38,ARG,SER,T,16.31,0.96
38,ARG,THR,T,16.31,0.45
38,ARG,VAL,T,16.31,0.78
38,ARG,TRP,T,16.31,-0.24
38,ARG,TYR,T,16.31,-0.19
39,SER,ALA,T,13.42,1.14
39,SER,CYS,T,13.42,0.54
39,SER,ASP,T,13.42,1.39
39,SER,GLU,T,13.42,1.65
39,SER,PHE,T,13.42,0.61
39,SER,GLY,T,13.42,1.66
39,SER,HIS,T,13.42,0.86
39,SER,ILE,T,13.42,0.63
39,SER,LYS,T,13.42,1.41
39,SER,LEU,T,13.42,0.63
39,SER,MET,T,13.42,0.67
39,SER,ASN,T,13.42,1.16
39,SER,PRO,T,13.42,1.27
39,SER,GLN,T,13.42,1.3
39,SER,ARG,T,13.42,1.03
39,SER,THR,T,13.42,0.77
39,SER,VAL,T,13.42,0.8
39,SER,TRP,T,13.42,0.6
39,SER,TYR,T,13.42,0.58
40,GLN,ALA,S,18.27,1.21
40,GLN,CYS,S,18.27,0.46
40,GLN,ASP,S,18.27,0.72
40,GLN,GLU,S,18.27,0.98
40,GLN,PHE,S,18.27,-0.46
40,GLN,GLY,S,18.27,1.36
40,GLN,HIS,S,18.27,-0.1
40,GLN,ILE,S,18.27,0.05
40,GLN,LYS,S,18.27,0.9
40,GLN,LEU,S,18.27,-0.11
40,GLN,MET,S,18.27,-0.18
40,GLN,ASN,S,18.27,0.33
40,GLN,PRO,S,18.27,0.84
40,GLN,ARG,S,18.27,0.44
40,GLN,SER,S,18.27,0.98
40,GLN,THR,S,18.27,0.29
40,GLN,VAL,S,18.27,0.16
40,GLN,TRP,S,18.27,-0.37
40,GLN,TYR,S,18.27,-0.22
41,ALA,CYS,C,0.77,0.58
41,ALA,ASP,C,0.77,1.55
41,ALA,GLU,C,0.77,1.65
41,ALA,PHE,C,0.77,0.85
41,ALA,GLY,C,0.77,0.59
41,ALA,HIS,C,0.77,1.42
41,ALA,ILE,C,0.77,0.75
41,ALA,LYS,C,0.77,1.58
41,ALA,LEU,C,0.77,0.94
41,ALA,MET,C,0.77,0.85
41,ALA,ASN,C,0.77,1.39
41,ALA,PRO,C,0.77,1.9
41,ALA,GLN,C,0.77,1.48
41,ALA,ARG,C,0.77,1.39
41,ALA,SER,C,0.77,0.92
41,ALA,THR,C,0.77,0.85
41,ALA,VAL,C,0.77,0.44
41,ALA,TRP,C,0.77,0.82
41,ALA,TYR,C,0.77,0.95
42,TYR,ALA,C,12.26,2.71
42,TYR,CYS,C,12.26,1.85
42,TYR,ASP,C,12.26,2.93
42,TYR,GLU,C,12.26,2.79
42,TYR,PHE,C,12.26,0.62
42,TYR,GLY,C,12.26,3.58
42,TYR,HIS,C,12.26,1.75
42,TYR,ILE,C,12.26,1
42,TYR,LYS,C,12.26,2.17
42,TYR,LEU,C,12.26,1.39
42,TYR,MET,C,12.26,1.39
42,TYR,ASN,C,12.26,2.45
42,TYR,PRO,C,12.26,1.33
42,TYR,GLN,C,12.26,2.33
42,TYR,ARG,C,12.26,1.94
42,TYR,SER,C,12.26,2.61
42,TYR,THR,C,12.26,1.76
42,TYR,VAL,C,12.26,1.17
42,TYR,TRP,C,12.26,0.74
43,LYS,ALA,E,21.52,1.05
43,LYS,CYS,E,21.52,0.7
43,LYS,ASP,E,21.52,1.32
43,LYS,GLU,E,21.52,0.76
43,LYS,PHE,E,21.52,0.26
43,LYS,GLY,E,21.52,1.82
43,LYS,HIS,E,21.52,0.31
43,LYS,ILE,E,21.52,-0.21
43,LYS,LEU,E,21.52,0.01
43,LYS,MET,E,21.52,0.15
43,LYS,ASN,E,21.52,0.87
43,LYS,PRO,E,21.52,0.98
43,LYS,GLN,E,21.52,0.7
43,LYS,ARG,E,21.52,0.16
43,LYS,SER,E,21.52,0.76
43,LYS,THR,E,21.52,0.24
43,LYS,VAL,E,21.52,-0.04
43,LYS,TRP,E,21.52,0.25
43,LYS,TYR,E,21.52,0.22
44,VAL,ALA,E,0.42,2.89
44,VAL,CYS,E,0.42,1.83
44,VAL,ASP,E,0.42,3.98
44,VAL,GLU,E,0.42,4.19
44,VAL,PHE,E,0.42,1
44,VAL,GLY,E,0.42,3.89
44,VAL,HIS,E,0.42,2.44
44,VAL,ILE,E,0.42,0.75
44,VAL,LYS,E,0.42,3.75
44,VAL,LEU,E,0.42,1.19
44,VAL,MET,E,0.42,1.42
44,VAL,ASN,E,0.42,3.39
44,VAL,PRO,E,0.42,3.88
44,VAL,GLN,E,0.42,3.25
44,VAL,ARG,E,0.42,2.95
44,VAL,SER,E,0.42,3.2
44,VAL,THR,E,0.42,2.3
44,VAL,TRP,E,0.42,1.18
44,VAL,TYR,E,0.42,1.07
45,THR,ALA,E,13.45,1.64
45,THR,CYS,E,13.45,1.08
45,THR,ASP,E,13.45,2.04
45,THR,GLU,E,13.45,1.46
45,THR,PHE,E,13.45,0.99
45,THR,GLY,E,13.45,2.48
45,THR,HIS,E,13.45,1.17
45,THR,ILE,E,13.45,0.61
45,THR,LYS,E,13.45,1.64
45,THR,LEU,E,13.45,1.09
45,THR,MET,E,13.45,1.2
45,THR,ASN,E,13.45,1.68
45,THR,PRO,E,13.45,2.7
45,THR,GLN,E,13.45,1.35
45,THR,ARG,E,13.45,1.27
45,THR,SER,E,13.45,1.43
45,THR,VAL,E,13.45,0.54
45,THR,TRP,E,13.45,0.9
45,THR,TYR,E,13.45,0.73
46,CYS,ALA,E,1.23,1.88
46,CYS,ASP,E,1.23,3.34
46,CYS,GLU,E,1.23,3.89
46,CYS,PHE,E,1.23,0.31
46,CYS,GLY,E,1.23,2.95
46,CYS,HIS,E,1.23,2.04
46,CYS,ILE,E,1.23,0.58
46,CYS,LYS,E,1.23,3.56
46,CYS,LEU,E,1.23,1.07
46,CYS,MET,E,1.23,1.18
46,CYS,ASN,E,1.23,2.91
46,CYS,PRO,E,1.23,3.88
46,CYS,GLN,E,1.23,2.93
46,CYS,ARG,E,1.23,2.91
46,CYS,SER,E,1.23,2.27
46,CYS,THR,E,1.23,2.09
46,CYS,VAL,E,1.23,0.75
46,CYS,TRP,E,1.23,1.01
46,CYS,TYR,E,1.23,0.52
47,SER,ALA,E,21.95,0.86
47,SER,CYS,E,21.95,0.77
47,SER,ASP,E,21.95,1.42
47,SER,GLU,E,21.95,1.06
47,SER,PHE,E,21.95,0.73
47,SER,GLY,E,21.95,1.52
47,SER,HIS,E,21.95,0.81
47,SER,ILE,E,21.95,0.69
47,SER,LYS,E,21.95,1.21
47,SER,LEU,E,21.95,0.94
47,SER,MET,E,21.95,0.96
47,SER,ASN,E,21.95,1.12
47,SER,PRO,E,21.95,2.24
47,SER,GLN,E,21.95,0.95
47,SER,ARG,E,21.95,0.78
47,SER,THR,E,21.95,0.41
47,SER,VAL,E,21.95,0.42
47,SER,TRP,E,21.95,0.58
47,SER,TYR,E,21.95,0.44
48,VAL,ALA,E,10.19,2.13
48,VAL,CYS,E,10.19,1.11
48,VAL,ASP,E,10.19,2.25
48,VAL,GLU,E,10.19,2.57
48,VAL,PHE,E,10.19,0.22
48,VAL,GLY,E,10.19,2.54
48,VAL,HIS,E,10.19,0.99
48,VAL,ILE,E,10.19,0.47
48,VAL,LYS,E,10.19,2.29
48,VAL,LEU,E,10.19,0.71
48,VAL,MET,E,10.19,0.74
48,VAL,ASN,E,10.19,1.69
48,VAL,PRO,E,10.19,2.65
48,VAL,GLN,E,10.19,1.95
48,VAL,ARG,E,10.19,1.71
48,VAL,SER,E,10.19,1.91
48,VAL,THR,E,10.19,1.42
48,VAL,TRP,E,10.19,0.47
48,VAL,TYR,E,10.19,0.38
49,ARG,ALA,E,58.51,0.29
49,ARG,CYS,E,58.51,-0.29
49,ARG,ASP,E,58.51,0.4
49,ARG,GLU,E,58.51,0.33
49,ARG,PHE,E,58.51,-0.09
49,ARG,GLY,E,58.51,0.71
49,ARG,HIS,E,58.51,-0.18
49,ARG,ILE,E,58.51,-0.26
49,ARG,LYS,E,58.51,0.08
49,ARG,LEU,E,58.51,0.05
49,ARG,MET,E,58.51,0.09
49,ARG,ASN,E,58.51,0.22
49,ARG,PRO,E,58.51,1.29
49,ARG,GLN,E,58.51,0.05
49,ARG,SER,E,58.51,0.19
49,ARG,THR,E,58.51,-0.23
49,ARG,VAL,E,58.51,-0.26
49,ARG,TRP,E,58.51,0.16
49,ARG,TYR,E,58.51,-0.06
50,GLN,ALA,E,45.11,-0.04
50,GLN,CYS,E,45.11,-0.49
50,GLN,ASP,E,45.11,-0.38
50,GLN,GLU,E,45.11,0.08
50,GLN,PHE,E,45.11,-0.23
50,GLN,GLY,E,45.11,0.16
50,GLN,HIS,E,45.11,-0.23
50,GLN,ILE,E,45.11,-0.5
50,GLN,LYS,E,45.11,0.29
50,GLN,LEU,E,45.11,-0.37
50,GLN,MET,E,45.11,-0.01
50,GLN,ASN,E,45.11,-0.42
50,GLN,PRO,E,45.11,-0.86
50,GLN,ARG,E,45.11,0.03
50,GLN,SER,E,45.11,-0.36
50,GLN,THR,E,45.11,-0.29
50,GLN,VAL,E,45.11,-0.71
50,GLN,TRP,E,45.11,-0.13
50,GLN,TYR,E,45.11,0.02
51,SER,ALA,C,34.74,0.63
51,SER,CYS,C,34.74,0.37
51,SER,ASP,C,34.74,0.47
51,SER,GLU,C,34.74,0.82
51,SER,PHE,C,34.74,0.72
51,SER,GLY,C,34.74,0.9
51,SER,HIS,C,34.74,0.54
51,SER,ILE,C,34.74,0.48
51,SER,LYS,C,34.74,0.89
51,SER,LEU,C,34.74,0.53
51,SER,MET,C,34.74,0.64
51,SER,ASN,C,34.74,0.46
51,SER,PRO,C,34.74,0.28
51,SER,GLN,C,34.74,0.69
51,SER,ARG,C,34.74,0.79
51,SER,THR,C,34.74,0.13
51,SER,VAL,C,34.74,0.3
51,SER,TRP,C,34.74,0.67
51,SER,TYR,C,34.74,0.7
52,SER,ALA,S,44.6,0.79
52,SER,CYS,S,44.6,0.41
52,SER,ASP,S,44.6,0.02
52,SER,GLU,S,44.6,1.17
52,SER,PHE,S,44.6,1.14
52,SER,GLY,S,44.6,1.01
52,SER,HIS,S,44.6,0.64
52,SER,ILE,S,44.6,0.97
52,SER,LYS,S,44.6,1.25
52,SER,LEU,S,44.6,1.3
52,SER,MET,S,44.6,1.29
52,SER,ASN,S,44.6,0.26
52,SER,PRO,S,44.6,2.53
52,SER,GLN,S,44.6,1.11
52,SER,ARG,S,44.6,1.17
52,SER,THR,S,44.6,0.4
52,SER,VAL,S,44.6,0.95
52,SER,TRP,S,44.6,1.31
52,SER,TYR,S,44.6,1.01
53,ALA,CYS,S,80.24,-0.01
53,ALA,ASP,S,80.24,0.04
53,ALA,GLU,S,80.24,0.28
53,ALA,PHE,S,80.24,0.55
53,ALA,GLY,S,80.24,0.1
53,ALA,HIS,S,80.24,0.38
53,ALA,ILE,S,80.24,0.46
53,ALA,LYS,S,80.24,0.45
53,ALA,LEU,S,80.24,0.54
53,ALA,MET,S,80.24,0.56
53,ALA,ASN,S,80.24,0.21
53,ALA,PRO,S,80.24,-0.4
53,ALA,GLN,S,80.24,0.42
53,ALA,ARG,S,80.24,0.52
53,ALA,SER,S,80.24,-0.1
53,ALA,THR,S,80.24,0.09
53,ALA,VAL,S,80.24,0.38
53,ALA,TRP,S,80.24,0.52
53,ALA,TYR,S,80.24,0.68
54,GLN,ALA,S,58.63,0.23
54,GLN,CYS,S,58.63,0.17
54,GLN,ASP,S,58.63,-0.36
54,GLN,GLU,S,58.63,0.12
54,GLN,PHE,S,58.63,0.08
54,GLN,GLY,S,58.63,0.27
54,GLN,HIS,S,58.63,-0.27
54,GLN,ILE,S,58.63,0.2
54,GLN,LYS,S,58.63,0.1
54,GLN,LEU,S,58.63,0.09
54,GLN,MET,S,58.63,0.13
54,GLN,ASN,S,58.63,-0.34
54,GLN,PRO,S,58.63,1
54,GLN,ARG,S,58.63,-0.04
54,GLN,SER,S,58.63,-0.19
54,GLN,THR,S,58.63,-0.29
54,GLN,VAL,S,58.63,0.18
54,GLN,TRP,S,58.63,0.11
54,GLN,TYR,S,58.63,0.16
55,ASN,ALA,E,21.39,1.6
55,ASN,CYS,E,21.39,0.69
55,ASN,ASP,E,21.39,0.75
55,ASN,GLU,E,21.39,1.08
55,ASN,PHE,E,21.39,-0.01
55,ASN,GLY,E,21.39,1.46
55,ASN,HIS,E,21.39,0.27
55,ASN,ILE,E,21.39,0.34
55,ASN,LYS,E,21.39,1.24
55,ASN,LEU,E,21.39,0.53
55,ASN,MET,E,21.39,0.37
55,ASN,PRO,E,21.39,2.52
55,ASN,GLN,E,21.39,0.81
55,ASN,ARG,E,21.39,0.58
55,ASN,SER,E,21.39,1.02
55,ASN,THR,E,21.39,0.16
55,ASN,VAL,E,21.39,0.13
55,ASN,TRP,E,21.39,0.34
55,ASN,TYR,E,21.39,0.14
56,ARG,ALA,E,6.4,1.92
56,ARG,CYS,E,6.4,0.94
56,ARG,ASP,E,6.4,2.06
56,ARG,GLU,E,6.4,1.73
56,ARG,PHE,E,6.4,-0.22
56,ARG,GLY,E,6.4,2.79
56,ARG,HIS,E,6.4,0.75
56,ARG,ILE,E,6.4,-0.04
56,ARG,LYS,E,6.4,1.33
56,ARG,LEU,E,6.4,0.1
56,ARG,MET,E,6.4,0.52
56,ARG,ASN,E,6.4,1.57
56,ARG,PRO,E,6.4,2.2
56,ARG,GLN,E,6.4,1.18
56,ARG,SER,E,6.4,2.04
56,ARG,THR,E,6.4,1.2
56,ARG,VAL,E,6.4,0.24
56,ARG,TRP,E,6.4,-0.15
56,ARG,TYR,E,6.4,-0.08
57,LYS,ALA,E,24.35,1.26
57,LYS,CYS,E,24.35,0.87
57,LYS,ASP,E,24.35,1.51
57,LYS,GLU,E,24.35,0.67
57,LYS,PHE,E,24.35,0.41
57,LYS,GLY,E,24.35,1.77
57,LYS,HIS,E,24.35,0.32
57,LYS,ILE,E,24.35,0.08
57,LYS,LEU,E,24.35,0.3
57,LYS,MET,E,24.35,0.45
57,LYS,ASN,E,24.35,0.98
57,LYS,PRO,E,24.35,1.91
57,LYS,GLN,E,24.35,0.4
57,LYS,ARG,E,24.35,0.22
57,LYS,SER,E,24.35,1.28
57,LYS,THR,E,24.35,0.36
57,LYS,VAL,E,24.35,0.18
57,LYS,TRP,E,24.35,0.37
57,LYS,TYR,E,24.35,0.22
58,TYR,ALA,E,0.31,3.53
58,TYR,CYS,E,0.31,2.59
58,TYR,ASP,E,0.31,4.25
58,TYR,GLU,E,0.31,4.24
58,TYR,PHE,E,0.31,0.53
58,TYR,GLY,E,0.31,4.42
58,TYR,HIS,E,0.31,2.36
58,TYR,ILE,E,0.31,1.56
58,TYR,LYS,E,0.31,3.64
58,TYR,LEU,E,0.31,1.42
58,TYR,MET,E,0.31,1.82
58,TYR,ASN,E,0.31,3.74
58,TYR,PRO,E,0.31,2.77
58,TYR,GLN,E,0.31,3.71
58,TYR,ARG,E,0.31,2.84
58,TYR,SER,E,0.31,3.83
58,TYR,THR,E,0.31,3.09
58,TYR,VAL,E,0.31,1.74
58,TYR,TRP,E,0.31,0.6
59,THR,ALA,E,20.75,2.15
59,THR,CYS,E,20.75,1.49
59,THR,ASP,E,20.75,1.49
59,THR,GLU,E,20.75,1.25
59,THR,PHE,E,20.75,1.63
59,THR,GLY,E,20.75,2.36
59,THR,HIS,E,20.75,1.1
59,THR,ILE,E,20.75,1.15
59,THR,LYS,E,20.75,1.33
59,THR,LEU,E,20.75,1.74
59,THR,MET,E,20.75,1.55
59,THR,ASN,E,20.75,1.45
59,THR,PRO,E,20.75,2.12
59,THR,GLN,E,20.75,1.25
59,THR,ARG,E,20.75,1.08
59,THR,SER,E,20.75,1.41
59,THR,VAL,E,20.75,0.81
59,THR,TRP,E,20.75,1.52
59,THR,TYR,E,20.75,1.27
60,ILE,ALA,E,0.05,3.35
60,ILE,CYS,E,0.05,2.19
60,ILE,ASP,E,0.05,4.27
60,ILE,GLU,E,0.05,4.05
60,ILE,PHE,E,0.05,0.57
60,ILE,GLY,E,0.05,4.31
60,ILE,HIS,E,0.05,2.24
60,ILE,LYS,E,0.05,4.02
60,ILE,LEU,E,0.05,1.09
60,ILE,MET,E,0.05,1.58
60,ILE,ASN,E,0.05,3.62
60,ILE,PRO,E,0.05,4.64
60,ILE,GLN,E,0.05,3.23
60,ILE,ARG,E,0.05,3.04
60,ILE,SER,E,0.05,3.46
60,ILE,THR,E,0.05,2.6
60,ILE,VAL,E,0.05,1.3
60,ILE,TRP,E,0.05,1.3
60,ILE,TYR,E,0.05,1.04
61,LYS,ALA,E,44.42,0.01
61,LYS,CYS,E,44.42,-0.53
61,LYS,ASP,E,44.42,0.4
61,LYS,GLU,E,44.42,0.36
61,LYS,PHE,E,44.42,-0.49
61,LYS,GLY,E,44.42,0.56
61,LYS,HIS,E,44.42,-0.38
61,LYS,ILE,E,44.42,-0.99
61,LYS,LEU,E,44.42,-0.73
61,LYS,MET,E,44.42,-0.43
61,LYS,ASN,E,44.42,0.06
61,LYS,PRO,E,44.42,1.25
61,LYS,GLN,E,44.42,0.01
61,LYS,ARG,E,44.42,-0.15
61,LYS,SER,E,44.42,-0.17
61,LYS,THR,E,44.42,-0.75
61,LYS,VAL,E,44.42,-1.05
61,LYS,TRP,E,44.42,-0.13
61,LYS,TYR,E,44.42,-0.32
62,VAL,ALA,E,2.15,2.65
62,VAL,CYS,E,2.15,1.7
62,VAL,ASP,E,2.15,3.78
62,VAL,GLU,E,2.15,4.08
62,VAL,PHE,E,2.15,0.95
62,VAL,GLY,E,2.15,3.66
62,VAL,HIS,E,2.15,2.54
62,VAL,ILE,E,2.15,0.69
62,VAL,LYS,E,2.15,3.62
62,VAL,LEU,E,2.15,1.16
62,VAL,MET,E,2.15,1.25
62,VAL,ASN,E,2.15,3.25
62,VAL,PRO,E,2.15,3.9
62,VAL,GLN,E,2.15,3.21
62,VAL,ARG,E,2.15,3
62,VAL,SER,E,2.15,3.31
62,VAL,THR,E,2.15,2.27
62,VAL,TRP,E,2.15,1.22
62,VAL,TYR,E,2.15,1.25
63,GLU,ALA,E,17.22,1.43
63,GLU,CYS,E,17.22,1.21
63,GLU,ASP,E,17.22,1.29
63,GLU,PHE,E,17.22,0.29
63,GLU,GLY,E,17.22,2.26
63,GLU,HIS,E,17.22,0.67
63,GLU,ILE,E,17.22,0.01
63,GLU,LYS,E,17.22,1.11
63,GLU,LEU,E,17.22,0.46
63,GLU,MET,E,17.22,0.67
63,GLU,ASN,E,17.22,1.34
63,GLU,PRO,E,17.22,2.23
63,GLU,GLN,E,17.22,0.75
63,GLU,ARG,E,17.22,0.71
63,GLU,SER,E,17.22,1.52
63,GLU,THR,E,17.22,0.67
63,GLU,VAL,E,17.22,0.19
63,GLU,TRP,E,17.22,0.12
63,GLU,TYR,E,17.22,0.06
64,VAL,ALA,E,2.69,2.34
64,VAL,CYS,E,2.69,1.51
64,VAL,ASP,E,2.69,2.88
64,VAL,GLU,E,2.69,2.42
64,VAL,PHE,E,2.69,0.69
64,VAL,GLY,E,2.69,3.13
64,VAL,HIS,E,2.69,1.58
64,VAL,ILE,E,2.69,0.92
64,VAL,LYS,E,2.69,2.4
64,VAL,LEU,E,2.69,1.01
64,VAL,MET,E,2.69,1.05
64,VAL,ASN,E,2.69,2.27
64,VAL,PRO,E,2.69,2.99
64,VAL,GLN,E,2.69,2.17
64,VAL,ARG,E,2.69,1.9
64,VAL,SER,E,2.69,2.67
64,VAL,THR,E,2.69,1.72
64,VAL,TRP,E,2.69,0.83
64,VAL,TYR,E,2.69,0.76
65,PRO,ALA,E,0.94,2.17
65,PRO,CYS,E,0.94,0.91
65,PRO,ASP,E,0.94,1.74
65,PRO,GLU,E,0.94,2.38
65,PRO,PHE,E,0.94,0.32
65,PRO,GLY,E,0.94,2.15
65,PRO,HIS,E,0.94,0.76
65,PRO,ILE,E,0.94,1.03
65,PRO,LYS,E,0.94,2.12
65,PRO,LEU,E,0.94,1.1
65,PRO,MET,E,0.94,1
65,PRO,ASN,E,0.94,1.59
65,PRO,GLN,E,0.94,1.73
65,PRO,ARG,E,0.94,1.41
65,PRO,SER,E,0.94,1.95
65,PRO,THR,E,0.94,1.31
65,PRO,VAL,E,0.94,1.02
65,PRO,TRP,E,0.94,0.28
65,PRO,TYR,E,0.94,0.43
66,LYS,ALA,E,27.19,0.11
66,LYS,CYS,E,27.19,-0.12
66,LYS,ASP,E,27.19,0.91
66,LYS,GLU,E,27.19,1.07
66,LYS,PHE,E,27.19,-1.08
66,LYS,GLY,E,27.19,0.69
66,LYS,HIS,E,27.19,-0.36
66,LYS,ILE,E,27.19,-1.16
66,LYS,LEU,E,27.19,-1.23
66,LYS,MET,E,27.19,-1.01
66,LYS,ASN,E,27.19,0.22
66,LYS,PRO,E,27.19,0.34
66,LYS,GLN,E,27.19,0.24
66,LYS,ARG,E,27.19,-0.16
66,LYS,SER,E,27.19,0.57
66,LYS,THR,E,27.19,-0.06
66,LYS,VAL,E,27.19,-0.85
66,LYS,TRP,E,27.19,-0.74
66,LYS,TYR,E,27.19,-0.71
67,VAL,ALA,E,42.95,0.77
67,VAL,CYS,E,42.95,0.62
67,VAL,ASP,E,42.95,0.64
67,VAL,GLU,E,42.95,0.66
67,VAL,PHE,E,42.95,0.54
67,VAL,GLY,E,42.95,1.2
67,VAL,HIS,E,42.95,0.51
67,VAL,ILE,E,42.95,0.36
67,VAL,LYS,E,42.95,0.77
67,VAL,LEU,E,42.95,0.39
67,VAL,MET,E,42.95,0.49
67,VAL,ASN,E,42.95,0.63
67,VAL,PRO,E,42.95,0.42
67,VAL,GLN,E,42.95,0.59
67,VAL,ARG,E,42.95,0.61
67,VAL,SER,E,42.95,0.78
67,VAL,THR,E,42.95,0.47
67,VAL,TRP,E,42.95,0.49
67,VAL,TYR,E,42.95,0.59
68,ALA,CYS,E,21,0.21
68,ALA,ASP,E,21,0.79
68,ALA,GLU,E,21,0.86
68,ALA,PHE,E,21,0.08
68,ALA,GLY,E,21,0.71
68,ALA,HIS,E,21,0.05
68,ALA,ILE,E,21,0.2
68,ALA,LYS,E,21,0.8
68,ALA,LEU,E,21,0.39
68,ALA,MET,E,21,0.34
68,ALA,ASN,E,21,0.52
68,ALA,PRO,E,21,1.24
68,ALA,GLN,E,21,0.42
68,ALA,ARG,E,21,0.42
68,ALA,SER,E,21,0.18
68,ALA,THR,E,21,0
68,ALA,VAL,E,21,-0.03
68,ALA,TRP,E,21,-0.07
68,ALA,TYR,E,21,-0.11
69,THR,ALA,E,53.21,0.57
69,THR,CYS,E,53.21,0.08
69,THR,ASP,E,53.21,0.68
69,THR,GLU,E,53.21,0.53
69,THR,PHE,E,53.21,0.51
69,THR,GLY,E,53.21,0.99
69,THR,HIS,E,53.21,0.4
69,THR,ILE,E,53.21,0.13
69,THR,LYS,E,53.21,0.6
69,THR,LEU,E,53.21,0.45
69,THR,MET,E,53.21,0.46
69,THR,ASN,E,53.21,0.51
69,THR,PRO,E,53.21,1.05
69,THR,GLN,E,53.21,0.42
69,THR,ARG,E,53.21,0.48
69,THR,SER,E,53.21,0.48
69,THR,VAL,E,53.21,0.01
69,THR,TRP,E,53.21,0.6
69,THR,TYR,E,53.21,0.51
70,GLN,ALA,E,43.59,0.36
70,GLN,CYS,E,43.59,-0.08
70,GLN,ASP,E,43.59,0.47
70,GLN,GLU,E,43.59,0.39
70,GLN,PHE,E,43.59,-0.09
70,GLN,GLY,E,43.59,0.83
70,GLN,HIS,E,43.59,-0.11
70,GLN,ILE,E,43.59,-0.28
70,GLN,LYS,E,43.59,0.43
70,GLN,LEU,E,43.59,-0.04
70,GLN,MET,E,43.59,0.05
70,GLN,ASN,E,43.59,0.24
70,GLN,PRO,E,43.59,1
70,GLN,ARG,E,43.59,0.2
70,GLN,SER,E,43.59,0.17
70,GLN,THR,E,43.59,-0.09
70,GLN,VAL,E,43.59,-0.32
70,GLN,TRP,E,43.59,0.19
70,GLN,TYR,E,43.59,0.09
71,THR,ALA,E,42.66,0.58
71,THR,CYS,E,42.66,0.2
71,THR,ASP,E,42.66,0.5
71,THR,GLU,E,42.66,0.76
71,THR,PHE,E,42.66,0.56
71,THR,GLY,E,42.66,0.99
71,THR,HIS,E,42.66,0.4
71,THR,ILE,E,42.66,0.4
71,THR,LYS,E,42.66,0.81
71,THR,LEU,E,42.66,0.46
71,THR,MET,E,42.66,0.48
71,THR,ASN,E,42.66,0.48
71,THR,PRO,E,42.66,0.46
71,THR,GLN,E,42.66,0.56
71,THR,ARG,E,42.66,0.74
71,THR,SER,E,42.66,0.46
71,THR,VAL,E,42.66,0.19
71,THR,TRP,E,42.66,0.72
71,THR,TYR,E,42.66,0.59
72,VAL,ALA,E,46.98,0.58
72,VAL,CYS,E,46.98,0.29
72,VAL,ASP,E,46.98,0.33
72,VAL,GLU,E,46.98,0.54
72,VAL,PHE,E,46.98,0.49
72,VAL,GLY,E,46.98,0.88
72,VAL,HIS,E,46.98,0.22
72,VAL,ILE,E,46.98,0.25
72,VAL,LYS,E,46.98,0.61
72,VAL,LEU,E,46.98,0.42
72,VAL,MET,E,46.98,0.44
72,VAL,ASN,E,46.98,0.3
72,VAL,PRO,E,46.98,0.57
72,VAL,GLN,E,46.98,0.44
72,VAL,ARG,E,46.98,0.49
72,VAL,SER,E,46.98,0.36
72,VAL,THR,E,46.98,0.22
72,VAL,TRP,E,46.98,0.58
72,VAL,TYR,E,46.98,0.49
73,GLY,ALA,T,42.7,0.57
73,GLY,CYS,T,42.7,0.39
73,GLY,ASP,T,42.7,0.72
73,GLY,GLU,T,42.7,1.3
73,GLY,PHE,T,42.7,0.76
73,GLY,HIS,T,42.7,0.66
73,GLY,ILE,T,42.7,1.12
73,GLY,LYS,T,42.7,1.3
73,GLY,LEU,T,42.7,0.96
73,GLY,MET,T,42.7,0.9
73,GLY,ASN,T,42.7,0.55
73,GLY,PRO,T,42.7,0.88
73,GLY,GLN,T,42.7,1.02
73,GLY,ARG,T,42.7,1.09
73,GLY,SER,T,42.7,0.37
73,GLY,THR,T,42.7,0.77
73,GLY,VAL,T,42.7,0.95
73,GLY,TRP,T,42.7,0.88
73,GLY,TYR,T,42.7,0.84
74,GLY,ALA,T,53.51,0.41
74,GLY,CYS,T,53.51,0.21
74,GLY,ASP,T,53.51,0.52
74,GLY,GLU,T,53.51,0.84
74,GLY,PHE,T,53.51,0.72
74,GLY,HIS,T,53.51,0.45
74,GLY,ILE,T,53.51,0.88
74,GLY,LYS,T,53.51,0.77
74,GLY,LEU,T,53.51,0.81
74,GLY,MET,T,53.51,0.68
74,GLY,ASN,T,53.51,0.3
74,GLY,PRO,T,53.51,0.86
74,GLY,GLN,T,53.51,0.7
74,GLY,ARG,T,53.51,0.69
74,GLY,SER,T,53.51,0.25
74,GLY,THR,T,53.51,0.45
74,GLY,VAL,T,53.51,0.71
74,GLY,TRP,T,53.51,0.88
74,GLY,TYR,T,53.51,0.74
75,VAL,ALA,E,32.23,0.93
75,VAL,CYS,E,32.23,0.72
75,VAL,ASP,E,32.23,1.17
75,VAL,GLU,E,32.23,1.1
75,VAL,PHE,E,32.23,0.41
75,VAL,GLY,E,32.23,1.41
75,VAL,HIS,E,32.23,0.55
75,VAL,ILE,E,32.23,0.42
75,VAL,LYS,E,32.23,0.98
75,VAL,LEU,E,32.23,0.44
75,VAL,MET,E,32.23,0.5
75,VAL,ASN,E,32.23,0.97
75,VAL,PRO,E,32.23,1.2
75,VAL,GLN,E,32.23,0.8
75,VAL,ARG,E,32.23,0.8
75,VAL,SER,E,32.23,1.04
75,VAL,THR,E,32.23,0.72
75,VAL,TRP,E,32.23,0.41
75,VAL,TYR,E,32.23,0.49
76,GLU,ALA,E,68.42,0
76,GLU,CYS,E,68.42,-0.29
76,GLU,ASP,E,68.42,0.13
76,GLU,PHE,E,68.42,-0.17
76,GLU,GLY,E,68.42,0.29
76,GLU,HIS,E,68.42,-0.25
76,GLU,ILE,E,68.42,-0.36
76,GLU,LYS,E,68.42,-0.08
76,GLU,LEU,E,68.42,-0.22
76,GLU,MET,E,68.42,-0.24
76,GLU,ASN,E,68.42,-0.06
76,GLU,PRO,E,68.42,0.47
76,GLU,GLN,E,68.42,-0.2
76,GLU,ARG,E,68.42,-0.2
76,GLU,SER,E,68.42,0.04
76,GLU,THR,E,68.42,-0.24
76,GLU,VAL,E,68.42,-0.4
76,GLU,TRP,E,68.42,0.04
76,GLU,TYR,E,68.42,-0.09
77,LEU,ALA,E,23.33,1.86
77,LEU,CYS,E,23.33,1.53
77,LEU,ASP,E,23.33,2.49
77,LEU,GLU,E,23.33,1.76
77,LEU,PHE,E,23.33,0.71
77,LEU,GLY,E,23.33,2.67
77,LEU,HIS,E,23.33,1.3
77,LEU,ILE,E,23.33,0.51
77,LEU,LYS,E,23.33,1.5
77,LEU,MET,E,23.33,0.81
77,LEU,ASN,E,23.33,2.13
77,LEU,PRO,E,23.33,1.95
77,LEU,GLN,E,23.33,1.59
77,LEU,ARG,E,23.33,1.4
77,LEU,SER,E,23.33,2.3
77,LEU,THR,E,23.33,1.72
77,LEU,VAL,E,23.33,0.71
77,LEU,TRP,E,23.33,0.94
77,LEU,TYR,E,23.33,0.86
78,PRO,ALA,E,19.97,2.08
78,PRO,CYS,E,19.97,1.65
78,PRO,ASP,E,19.97,1.49
78,PRO,GLU,E,19.97,1.71
78,PRO,PHE,E,19.97,1.19
78,PRO,GLY,E,19.97,2.73
78,PRO,HIS,E,19.97,1.22
78,PRO,ILE,E,19.97,1.2
78,PRO,LYS,E,19.97,1.64
78,PRO,LEU,E,19.97,1.31
78,PRO,MET,E,19.97,1.26
78,PRO,ASN,E,19.97,1.26
78,PRO,GLN,E,19.97,1.44
78,PRO,ARG,E,19.97,1.26
78,PRO,SER,E,19.97,1.63
78,PRO,THR,E,19.97,1.09
78,PRO,VAL,E,19.97,1.16
78,PRO,TRP,E,19.97,0.86
78,PRO,TYR,E,19.97,1.12
79,VAL,ALA,E,16.77,2.53
79,VAL,CYS,E,16.77,1.31
79,VAL,ASP,E,16.77,2.43
79,VAL,GLU,E,16.77,2.95
79,VAL,PHE,E,16.77,1.01
79,VAL,GLY,E,16.77,2.52
79,VAL,HIS,E,16.77,1.49
79,VAL,ILE,E,16.77,0.78
79,VAL,LYS,E,16.77,2.4
79,VAL,LEU,E,16.77,1.13
79,VAL,MET,E,16.77,1.2
79,VAL,ASN,E,16.77,1.95
79,VAL,PRO,E,16.77,2.91
79,VAL,GLN,E,16.77,2.06
79,VAL,ARG,E,16.77,1.77
79,VAL,SER,E,16.77,2.19
79,VAL,THR,E,16.77,1.39
79,VAL,TRP,E,16.77,1.27
79,VAL,TYR,E,16.77,1.17
80,ALA,CYS,E,19.8,0.07
80,ALA,ASP,E,19.8,0.96
80,ALA,GLU,E,19.8,1.58
80,ALA,PHE,E,19.8,0.18
80,ALA,GLY,E,19.8,0.85
80,ALA,HIS,E,19.8,0.32
80,ALA,ILE,E,19.8,0.63
80,ALA,LYS,E,19.8,1.35
80,ALA,LEU,E,19.8,0.72
80,ALA,MET,E,19.8,0.65
80,ALA,ASN,E,19.8,0.62
80,ALA,PRO,E,19.8,0.48
80,ALA,GLN,E,19.8,1.1
80,ALA,ARG,E,19.8,0.78
80,ALA,SER,E,19.8,0.27
80,ALA,THR,E,19.8,0.46
80,ALA,VAL,E,19.8,0.48
80,ALA,TRP,E,19.8,0.12
80,ALA,TYR,E,19.8,-0.05
81,ALA,CYS,E,31.68,0.55
81,ALA,ASP,E,31.68,0.52
81,ALA,GLU,E,31.68,0.9
81,ALA,PHE,E,31.68,0.33
81,ALA,GLY,E,31.68,1.19
81,ALA,HIS,E,31.68,0.48
81,ALA,ILE,E,31.68,0.36
81,ALA,LYS,E,31.68,0.87
81,ALA,LEU,E,31.68,0.33
81,ALA,MET,E,31.68,0.53
81,ALA,ASN,E,31.68,0.87
81,ALA,PRO,E,31.68,0.27
81,ALA,GLN,E,31.68,0.72
81,ALA,ARG,E,31.68,0.69
81,ALA,SER,E,31.68,0.42
81,ALA,THR,E,31.68,0.41
81,ALA,VAL,E,31.68,0.2
81,ALA,TRP,E,31.68,0.12
81,ALA,TYR,E,31.68,0.38
82,TRP,ALA,E,7.73,3.5
82,TRP,CYS,E,7.73,2.54
82,TRP,ASP,E,7.73,2.96
82,TRP,GLU,E,7.73,2.99
82,TRP,PHE,E,7.73,0.92
82,TRP,GLY,E,7.73,3.71
82,TRP,HIS,E,7.73,1.93
82,TRP,ILE,E,7.73,1.92
82,TRP,LYS,E,7.73,3.03
82,TRP,LEU,E,7.73,2.25
82,TRP,MET,E,7.73,2.1
82,TRP,ASN,E,7.73,2.46
82,TRP,PRO,E,7.73,4.33
82,TRP,GLN,E,7.73,2.76
82,TRP,ARG,E,7.73,2.41
82,TRP,SER,E,7.73,2.77
82,TRP,THR,E,7.73,2.28
82,TRP,VAL,E,7.73,2.05
82,TRP,TYR,E,7.73,0.8
83,ARG,ALA,E,12.95,1.39
83,ARG,CYS,E,12.95,0.81
83,ARG,ASP,E,12.95,1.5
83,ARG,GLU,E,12.95,1.29
83,ARG,PHE,E,12.95,-0.24
83,ARG,GLY,E,12.95,2.19
83,ARG,HIS,E,12.95,0.41
83,ARG,ILE,E,12.95,-0.17
83,ARG,LYS,E,12.95,0.95
83,ARG,LEU,E,12.95,0.27
83,ARG,MET,E,12.95,0.22
83,ARG,ASN,E,12.95,1.17
83,ARG,PRO,E,12.95,2.18
83,ARG,GLN,E,12.95,0.92
83,ARG,SER,E,12.95,1.41
83,ARG,THR,E,12.95,0.67
83,ARG,VAL,E,12.95,0.05
83,ARG,TRP,E,12.95,-0.08
83,ARG,TYR,E,12.95,-0.07
84,SER,ALA,E,0.63,0.31
84,SER,CYS,E,0.63,-0.7
84,SER,ASP,E,0.63,2.37
84,SER,GLU,E,0.63,2.89
84,SER,PHE,E,0.63,-0.91
84,SER,GLY,E,0.63,1.25
84,SER,HIS,E,0.63,0.83
84,SER,ILE,E,0.63,-1.05
84,SER,LYS,E,0.63,2.55
84,SER,LEU,E,0.63,-0.58
84,SER,MET,E,0.63,-0.32
84,SER,ASN,E,0.63,1.65
84,SER,PRO,E,0.63,2.42
84,SER,GLN,E,0.63,1.72
84,SER,ARG,E,0.63,1.14
84,SER,THR,E,0.63,0.54
84,SER,VAL,E,0.63,-0.97
84,SER,TRP,E,0.63,-0.65
84,SER,TYR,E,0.63,-0.67
85,TYR,ALA,E,48.11,1.05
85,TYR,CYS,E,48.11,0.72
85,TYR,ASP,E,48.11,1.09
85,TYR,GLU,E,48.11,0.9
85,TYR,PHE,E,48.11,0.15
85,TYR,GLY,E,48.11,1.47
85,TYR,HIS,E,48.11,0.68
85,TYR,ILE,E,48.11,0.08
85,TYR,LYS,E,48.11,0.95
85,TYR,LEU,E,48.11,0.24
85,TYR,MET,E,48.11,0.67
85,TYR,ASN,E,48.11,0.96
85,TYR,PRO,E,48.11,2.12
85,TYR,GLN,E,48.11,0.82
85,TYR,ARG,E,48.11,0.67
85,TYR,SER,E,48.11,0.89
85,TYR,THR,E,48.11,0.52
85,TYR,VAL,E,48.11,0.2
85,TYR,TRP,E,48.11,0.26
86,LEU,ALA,E,3.61,2.69
86,LEU,CYS,E,3.61,1.61
86,LEU,ASP,E,3.61,3.02
86,LEU,GLU,E,3.61,2.69
86,LEU,PHE,E,3.61,0.44
86,LEU,GLY,E,3.61,3.25
86,LEU,HIS,E,3.61,1.42
86,LEU,ILE,E,3.61,0.57
86,LEU,LYS,E,3.61,2.6
86,LEU,MET,E,3.61,1.06
86,LEU,ASN,E,3.61,2.6
86,LEU,PRO,E,3.61,3.71
86,LEU,GLN,E,3.61,2.03
86,LEU,ARG,E,3.61,1.71
86,LEU,SER,E,3.61,2.67
86,LEU,THR,E,3.61,1.87
86,LEU,VAL,E,3.61,1.23
86,LEU,TRP,E,3.61,0.56
86,LEU,TYR,E,3.61,0.54
87,ASN,ALA,E,21.48,1.26
87,ASN,CYS,E,21.48,0.54
87,ASN,ASP,E,21.48,0.67
87,ASN,GLU,E,21.48,0.57
87,ASN,PHE,E,21.48,0.21
87,ASN,GLY,E,21.48,1.49
87,ASN,HIS,E,21.48,0.08
87,ASN,ILE,E,21.48,-0.01
87,ASN,LYS,E,21.48,0.62
87,ASN,LEU,E,21.48,0.46
87,ASN,MET,E,21.48,0.6
87,ASN,PRO,E,21.48,1.48
87,ASN,GLN,E,21.48,0.54
87,ASN,ARG,E,21.48,0.42
87,ASN,SER,E,21.48,0.7
87,ASN,THR,E,21.48,0.01
87,ASN,VAL,E,21.48,-0.2
87,ASN,TRP,E,21.48,0.14
87,ASN,TYR,E,21.48,-0.04
88,MET,ALA,E,0.07,2.94
88,MET,CYS,E,0.07,1.49
88,MET,ASP,E,0.07,3.84
88,MET,GLU,E,0.07,4.09
88,MET,PHE,E,0.07,0.18
88,MET,GLY,E,0.07,3.72
88,MET,HIS,E,0.07,1.9
88,MET,ILE,E,0.07,0.02
88,MET,LYS,E,0.07,3.95
88,MET,LEU,E,0.07,0.4
88,MET,ASN,E,0.07,3.22
88,MET,PRO,E,0.07,4.25
88,MET,GLN,E,0.07,3.14
88,MET,ARG,E,0.07,2.8
88,MET,SER,E,0.07,3.43
88,MET,THR,E,0.07,2.33
88,MET,VAL,E,0.07,0.89
88,MET,TRP,E,0.07,0.63
88,MET,TYR,E,0.07,0.58
89,GLU,ALA,E,24.63,1.38
89,GLU,CYS,E,24.63,0.98
89,GLU,ASP,E,24.63,1.11
89,GLU,PHE,E,24.63,0.5
89,GLU,GLY,E,24.63,1.78
89,GLU,HIS,E,24.63,0.39
89,GLU,ILE,E,24.63,0.23
89,GLU,LYS,E,24.63,0.72
89,GLU,LEU,E,24.63,0.52
89,GLU,MET,E,24.63,0.6
89,GLU,ASN,E,24.63,0.89
89,GLU,PRO,E,24.63,1.66
89,GLU,GLN,E,24.63,0.43
89,GLU,ARG,E,24.63,0.51
89,GLU,SER,E,24.63,0.93
89,GLU,THR,E,24.63,0.23
89,GLU,VAL,E,24.63,0.01
89,GLU,TRP,E,24.63,0.38
89,GLU,TYR,E,24.63,0.2
90,LEU,ALA,E,1.49,3.31
90,LEU,CYS,E,1.49,1.93
90,LEU,ASP,E,1.49,4.18
90,LEU,GLU,E,1.49,3.97
90,LEU,PHE,E,1.49,0.68
90,LEU,GLY,E,1.49,3.86
90,LEU,HIS,E,1.49,2.23
90,LEU,ILE,E,1.49,0.65
90,LEU,LYS,E,1.49,3.46
90,LEU,MET,E,1.49,1.27
90,LEU,ASN,E,1.49,3.52
90,LEU,PRO,E,1.49,3.77
90,LEU,GLN,E,1.49,3.12
90,LEU,ARG,E,1.49,2.84
90,LEU,SER,E,1.49,3.7
90,LEU,THR,E,1.49,2.68
90,LEU,VAL,E,1.49,1.02
90,LEU,TRP,E,1.49,1.21
90,LEU,TYR,E,1.49,0.98
91,THR,ALA,E,16.31,1.5
91,THR,CYS,E,16.31,1.22
91,THR,ASP,E,16.31,1.18
91,THR,GLU,E,16.31,1.27
91,THR,PHE,E,16.31,0.57
91,THR,GLY,E,16.31,2.15
91,THR,HIS,E,16.31,0.66
91,THR,ILE,E,16.31,0.68
91,THR,LYS,E,16.31,1.29
91,THR,LEU,E,16.31,0.79
91,THR,MET,E,16.31,0.94
91,THR,ASN,E,16.31,0.91
91,THR,PRO,E,16.31,0.94
91,THR,GLN,E,16.31,1.07
91,THR,ARG,E,16.31,0.89
91,THR,SER,E,16.31,1.24
91,THR,VAL,E,16.31,0.71
91,THR,TRP,E,16.31,0.32
91,THR,TYR,E,16.31,0.43
92,ILE,ALA,E,0.29,3.28
92,ILE,CYS,E,0.29,1.99
92,ILE,ASP,E,0.29,3.94
92,ILE,GLU,E,0.29,3.58
92,ILE,PHE,E,0.29,1.12
92,ILE,GLY,E,0.29,3.82
92,ILE,HIS,E,0.29,2.21
92,ILE,LYS,E,0.29,3.44
92,ILE,LEU,E,0.29,1.1
92,ILE,MET,E,0.29,1.23
92,ILE,ASN,E,0.29,3.3
92,ILE,PRO,E,0.29,4.14
92,ILE,GLN,E,0.29,2.75
92,ILE,ARG,E,0.29,2.54
92,ILE,SER,E,0.29,3.5
92,ILE,THR,E,0.29,2.42
92,ILE,VAL,E,0.29,1.11
92,ILE,TRP,E,0.29,1.7
92,ILE,TYR,E,0.29,1.62
93,PRO,ALA,E,2.35,1.75
93,PRO,CYS,E,2.35,1.15
93,PRO,ASP,E,2.35,0.86
93,PRO,GLU,E,2.35,1.91
93,PRO,PHE,E,2.35,1.24
93,PRO,GLY,E,2.35,2.05
93,PRO,HIS,E,2.35,1.17
93,PRO,ILE,E,2.35,1.58
93,PRO,LYS,E,2.35,1.94
93,PRO,LEU,E,2.35,1.09
93,PRO,MET,E,2.35,1.38
93,PRO,ASN,E,2.35,0.84
93,PRO,GLN,E,2.35,1.64
93,PRO,ARG,E,2.35,1.82
93,PRO,SER,E,2.35,1.23
93,PRO,THR,E,2.35,1.25
93,PRO,VAL,E,2.35,1.32
93,PRO,TRP,E,2.35,0.88
93,PRO,TYR,E,2.35,1.14
94,ILE,ALA,T,21.47,1.69
94,ILE,CYS,T,21.47,0.97
94,ILE,ASP,T,21.47,1.42
94,ILE,GLU,T,21.47,1.5
94,ILE,PHE,T,21.47,0.8
94,ILE,GLY,T,21.47,1.56
94,ILE,HIS,T,21.47,0.86
94,ILE,LYS,T,21.47,1.61
94,ILE,LEU,T,21.47,0.4
94,ILE,MET,T,21.47,0.39
94,ILE,ASN,T,21.47,1.07
94,ILE,PRO,T,21.47,0.58
94,ILE,GLN,T,21.47,1.2
94,ILE,ARG,T,21.47,1.19
94,ILE,SER,T,21.47,1.32
94,ILE,THR,T,21.47,0.98
94,ILE,VAL,T,21.47,0.77
94,ILE,TRP,T,21.47,0.57
94,ILE,TYR,T,21.47,0.84
95,PHE,ALA,T,19.71,2.64
95,PHE,CYS,T,19.71,1.88
95,PHE,ASP,T,19.71,2.21
95,PHE,GLU,T,19.71,2.4
95,PHE,GLY,T,19.71,2.66
95,PHE,HIS,T,19.71,1.28
95,PHE,ILE,T,19.71,1.6
95,PHE,LYS,T,19.71,2.19
95,PHE,LEU,T,19.71,1.61
95,PHE,MET,T,19.71,1.54
95,PHE,ASN,T,19.71,1.92
95,PHE,PRO,T,19.71,3.26
95,PHE,GLN,T,19.71,1.96
95,PHE,ARG,T,19.71,1.75
95,PHE,SER,T,19.71,2.06
95,PHE,THR,T,19.71,1.81
95,PHE,VAL,T,19.71,1.87
95,PHE,TRP,T,19.71,0.38
95,PHE,TYR,T,19.71,0.57
96,ALA,CYS,C,2.38,0.56
96,ALA,ASP,C,2.38,1.16
96,ALA,GLU,C,2.38,1.59
96,ALA,PHE,C,2.38,0.72
96,ALA,GLY,C,2.38,1.49
96,ALA,HIS,C,2.38,1.08
96,ALA,ILE,C,2.38,0.75
96,ALA,LYS,C,2.38,1.5
96,ALA,LEU,C,2.38,0.53
96,ALA,MET,C,2.38,0.43
96,ALA,ASN,C,2.38,1.27
96,ALA,PRO,C,2.38,1.87
96,ALA,GLN,C,2.38,1.29
96,ALA,ARG,C,2.38,1.35
96,ALA,SER,C,2.38,1.02
96,ALA,THR,C,2.38,0.86
96,ALA,VAL,C,2.38,0.97
96,ALA,TRP,C,2.38,0.5
96,ALA,TYR,C,2.38,0.74
97,THR,ALA,C,30.39,1.22
97,THR,CYS,C,30.39,1.01
97,THR,ASP,C,30.39,0.38
97,THR,GLU,C,30.39,1.27
97,THR,PHE,C,30.39,0.98
97,THR,GLY,C,30.39,1.24
97,THR,HIS,C,30.39,0.61
97,THR,ILE,C,30.39,1.1
97,THR,LYS,C,30.39,1.17
97,THR,LEU,C,30.39,0.78
97,THR,MET,C,30.39,0.8
97,THR,ASN,C,30.39,0.51
97,THR,PRO,C,30.39,0.16
97,THR,GLN,C,30.39,1.09
97,THR,ARG,C,30.39,0.94
97,THR,SER,C,30.39,0.62
97,THR,VAL,C,30.39,1
97,THR,TRP,C,30.39,0.82
97,THR,TYR,C,30.39,0.95
98,ASN,ALA,H,46.54,-0.17
98,ASN,CYS,H,46.54,0.36
98,ASN,ASP,H,46.54,-0.11
98,ASN,GLU,H,46.54,-0.12
98,ASN,PHE,H,46.54,0.1
98,ASN,GLY,H,46.54,0.65
98,ASN,HIS,H,46.54,-0.02
98,ASN,ILE,H,46.54,-0.23
98,ASN,LYS,H,46.54,0.02
98,ASN,LEU,H,46.54,-0.25
98,ASN,MET,H,46.54,0.09
98,ASN,PRO,H,46.54,-0.45
98,ASN,GLN,H,46.54,-0.13
98,ASN,ARG,H,46.54,-0.13
98,ASN,SER,H,46.54,-0.01
98,ASN,THR,H,46.54,-0.07
98,ASN,VAL,H,46.54,-0.36
98,ASN,TRP,H,46.54,0.15
98,ASN,TYR,H,46.54,0.18
99,SER,ALA,H,64.2,0.08
99,SER,CYS,H,64.2,0.46
99,SER,ASP,H,64.2,0.11
99,SER,GLU,H,64.2,0.1
99,SER,PHE,H,64.2,0.84
99,SER,GLY,H,64.2,0.74
99,SER,HIS,H,64.2,0.53
99,SER,ILE,H,64.2,0.57
99,SER,LYS,H,64.2,0.51
99,SER,LEU,H,64.2,0.72
99,SER,MET,H,64.2,0.81
99,SER,ASN,H,64.2,0.45
99,SER,PRO,H,64.2,0.39
99,SER,GLN,H,64.2,0.38
99,SER,ARG,H,64.2,0.55
99,SER,THR,H,64.2,0.35
99,SER,VAL,H,64.2,0.51
99,SER,TRP,H,64.2,0.81
99,SER,TYR,H,64.2,0.71
100,ASP,ALA,H,7.93,0.95
100,ASP,CYS,H,7.93,0.81
100,ASP,GLU,H,7.93,0.53
100,ASP,PHE,H,7.93,0.02
100,ASP,GLY,H,7.93,1.49
100,ASP,HIS,H,7.93,0.6
100,ASP,ILE,H,7.93,0.32
100,ASP,LYS,H,7.93,0.97
100,ASP,LEU,H,7.93,0.06
100,ASP,MET,H,7.93,0.16
100,ASP,ASN,H,7.93,0.83
100,ASP,PRO,H,7.93,1.27
100,ASP,GLN,H,7.93,0.53
100,ASP,ARG,H,7.93,0.71
100,ASP,SER,H,7.93,1.06
100,ASP,THR,H,7.93,0.51
100,ASP,VAL,H,7.93,0.4
100,ASP,TRP,H,7.93,0.01
100,ASP,TYR,H,7.93,0.15
101,CYS,ALA,H,0,1.46
101,CYS,ASP,H,0,1.9
101,CYS,GLU,H,0,1.76
101,CYS,PHE,H,0,0.87
101,CYS,GLY,H,0,1.89
101,CYS,HIS,H,0,1.13
101,CYS,ILE,H,0,0.45
101,CYS,LYS,H,0,1.62
101,CYS,LEU,H,0,0.54
101,CYS,MET,H,0,0.64
101,CYS,ASN,H,0,1.52
101,CYS,PRO,H,0,2.23
101,CYS,GLN,H,0,1.06
101,CYS,ARG,H,0,1.15
101,CYS,SER,H,0,1.33
101,CYS,THR,H,0,0.98
101,CYS,VAL,H,0,0.56
101,CYS,TRP,H,0,0.78
101,CYS,TYR,H,0,0.71
102,GLU,ALA,H,50.91,0.24
102,GLU,CYS,H,50.91,0.68
102,GLU,ASP,H,50.91,0.45
102,GLU,PHE,H,50.91,0.92
102,GLU,GLY,H,50.91,1.45
102,GLU,HIS,H,50.91,0.57
102,GLU,ILE,H,50.91,0.5
102,GLU,LYS,H,50.91,0.2
102,GLU,LEU,H,50.91,0.29
102,GLU,MET,H,50.91,0.43
102,GLU,ASN,H,50.91,0.63
102,GLU,PRO,H,50.91,0.9
102,GLU,GLN,H,50.91,0.02
102,GLU,ARG,H,50.91,0.22
102,GLU,SER,H,50.91,0.71
102,GLU,THR,H,50.91,0.65
102,GLU,VAL,H,50.91,0.56
102,GLU,TRP,H,50.91,0.88
102,GLU,TYR,H,50.91,0.84
103,LEU,ALA,H,19.51,1.12
103,LEU,CYS,H,19.51,1.74
103,LEU,ASP,H,19.51,0.73
103,LEU,GLU,H,19.51,0.17
103,LEU,PHE,H,19.51,0.78
103,LEU,GLY,H,19.51,1.72
103,LEU,HIS,H,19.51,0.59
103,LEU,ILE,H,19.51,1.06
103,LEU,LYS,H,19.51,0.23
103,LEU,MET,H,19.51,0.48
103,LEU,ASN,H,19.51,0.94
103,LEU,PRO,H,19.51,1.72
103,LEU,GLN,H,19.51,0.1
103,LEU,ARG,H,19.51,0.12
103,LEU,SER,H,19.51,1.06
103,LEU,THR,H,19.51,0.63
103,LEU,VAL,H,19.51,1.18
103,LEU,TRP,H,19.51,0
103,LEU,TYR,H,19.51,0.57
104,ILE,ALA,H,0.9,2.28
104,ILE,CYS,H,0.9,1.88
104,ILE,ASP,H,0.9,3.5
104,ILE,GLU,H,0.9,3.14
104,ILE,PHE,H,0.9,1.2
104,ILE,GLY,H,0.9,3.97
104,ILE,HIS,H,0.9,2.26
104,ILE,LYS,H,0.9,3.02
104,ILE,LEU,H,0.9,1.07
104,ILE,MET,H,0.9,1.23
104,ILE,ASN,H,0.9,3.31
104,ILE,PRO,H,0.9,3.84
104,ILE,GLN,H,0.9,2.59
104,ILE,ARG,H,0.9,2.36
104,ILE,SER,H,0.9,3.02
104,ILE,THR,H,0.9,2.56
104,ILE,VAL,H,0.9,1.35
104,ILE,TRP,H,0.9,1.23
104,ILE,TYR,H,0.9,1.29
105,VAL,ALA,H,3.34,1.92
105,VAL,CYS,H,3.34,1.39
105,VAL,ASP,H,3.34,1.74
105,VAL,GLU,H,3.34,1.21
105,VAL,PHE,H,3.34,1.07
105,VAL,GLY,H,3.34,2.54
105,VAL,HIS,H,3.34,1.18
105,VAL,ILE,H,3.34,0.88
105,VAL,LYS,H,3.34,1.11
105,VAL,LEU,H,3.34,0.64
105,VAL,MET,H,3.34,0.52
105,VAL,ASN,H,3.34,1.26
105,VAL,PRO,H,3.34,1.73
105,VAL,GLN,H,3.34,0.98
105,VAL,ARG,H,3.34,0.81
105,VAL,SER,H,3.34,1.58
105,VAL,THR,H,3.34,1.28
105,VAL,TRP,H,3.34,0.85
105,VAL,TYR,H,3.34,0.88
106,LYS,ALA,H,32.17,0.71
106,LYS,CYS,H,32.17,0.94
106,LYS,ASP,H,32.17,0.82
106,LYS,GLU,H,32.17,0.49
106,LYS,PHE,H,32.17,0.48
106,LYS,GLY,H,32.17,1.28
106,LYS,HIS,H,32.17,0.34
106,LYS,ILE,H,32.17,0.74
106,LYS,LEU,H,32.17,0.14
106,LYS,MET,H,32.17,0.23
106,LYS,ASN,H,32.17,0.76
106,LYS,PRO,H,32.17,1.17
106,LYS,GLN,H,32.17,0.34
106,LYS,ARG,H,32.17,0.32
106,LYS,SER,H,32.17,0.75
106,LYS,THR,H,32.17,0.83
106,LYS,VAL,H,32.17,0.98
106,LYS,TRP,H,32.17,0.29
106,LYS,TYR,H,32.17,0.39
107,ALA,CYS,H,0.45,0.32
107,ALA,ASP,H,0.45,2.38
107,ALA,GLU,H,0.45,2.36
107,ALA,PHE,H,0.45,0.26
107,ALA,GLY,H,0.45,1.42
107,ALA,HIS,H,0.45,1.24
107,ALA,ILE,H,0.45,0.42
107,ALA,LYS,H,0.45,2.41
107,ALA,LEU,H,0.45,0.43
107,ALA,MET,H,0.45,0.45
107,ALA,ASN,H,0.45,1.93
107,ALA,PRO,H,0.45,3.18
107,ALA,GLN,H,0.45,1.54
107,ALA,ARG,H,0.45,1.55
107,ALA,SER,H,0.45,1.16
107,ALA,THR,H,0.45,1.31
107,ALA,VAL,H,0.45,0.79
107,ALA,TRP,H,0.45,0.55
107,ALA,TYR,H,0.45,0.43
108,MET,ALA,H,1.71,2.45
108,MET,CYS,H,1.71,1.83
108,MET,ASP,H,1.71,2.79
108,MET,GLU,H,1.71,2.68
108,MET,PHE,H,1.71,0.57
108,MET,GLY,H,1.71,3.6
108,MET,HIS,H,1.71,1.44
108,MET,ILE,H,1.71,0.57
108,MET,LYS,H,1.71,2.47
108,MET,LEU,H,1.71,0.6
108,MET,ASN,H,1.71,2.4
108,MET,PRO,H,1.71,3.01
108,MET,GLN,H,1.71,2.04
108,MET,ARG,H,1.71,1.86
108,MET,SER,H,1.71,2.64
108,MET,THR,H,1.71,1.99
108,MET,VAL,H,1.71,1.29
108,MET,TRP,H,1.71,0.8
108,MET,TYR,H,1.71,0.9
109,GLN,ALA,H,23.22,1.18
109,GLN,CYS,H,23.22,1.03
109,GLN,ASP,H,23.22,0.93
109,GLN,GLU,H,23.22,0.65
109,GLN,PHE,H,23.22,0.74
109,GLN,GLY,H,23.22,1.13
109,GLN,HIS,H,23.22,0.49
109,GLN,ILE,H,23.22,0.91
109,GLN,LYS,H,23.22,0.58
109,GLN,LEU,H,23.22,0.53
109,GLN,MET,H,23.22,0.23
109,GLN,ASN,H,23.22,0.95
109,GLN,PRO,H,23.22,0.99
109,GLN,ARG,H,23.22,0.41
109,GLN,SER,H,23.22,1.13
109,GLN,THR,H,23.22,0.93
109,GLN,VAL,H,23.22,1.03
109,GLN,TRP,H,23.22,0.44
109,GLN,TYR,H,23.22,0.34
110,GLY,ALA,T,4.45,0.48
110,GLY,CYS,T,4.45,0.32
110,GLY,ASP,T,4.45,0.88
110,GLY,GLU,T,4.45,1.41
110,GLY,PHE,T,4.45,0.38
110,GLY,HIS,T,4.45,0.33
110,GLY,ILE,T,4.45,0.62
110,GLY,LYS,T,4.45,1.12
110,GLY,LEU,T,4.45,0.5
110,GLY,MET,T,4.45,0.43
110,GLY,ASN,T,4.45,0.64
110,GLY,PRO,T,4.45,0.99
110,GLY,GLN,T,4.45,0.92
110,GLY,ARG,T,4.45,0.85
110,GLY,SER,T,4.45,0.39
110,GLY,THR,T,4.45,0.51
110,GLY,VAL,T,4.45,0.76
110,GLY,TRP,T,4.45,0.34
110,GLY,TYR,T,4.45,0.12
111,LEU,ALA,T,0.13,3.29
111,LEU,CYS,T,0.13,2.07
111,LEU,ASP,T,0.13,4.12
111,LEU,GLU,T,0.13,3.44
111,LEU,PHE,T,0.13,1.25
111,LEU,GLY,T,0.13,4.12
111,LEU,HIS,T,0.13,2.05
111,LEU,ILE,T,0.13,1.06
111,LEU,LYS,T,0.13,2.87
111,LEU,MET,T,0.13,1.38
111,LEU,ASN,T,0.13,3.51
111,LEU,PRO,T,0.13,4.04
111,LEU,GLN,T,0.13,2.98
111,LEU,ARG,T,0.13,2.38
111,LEU,SER,T,0.13,3.59
111,LEU,THR,T,0.13,2.92
111,LEU,VAL,T,0.13,1.6
111,LEU,TRP,T,0.13,1.37
111,LEU,TYR,T,0.13,1.26
112,LEU,ALA,S,1.75,2.64
112,LEU,CYS,S,1.75,2.16
112,LEU,ASP,S,1.75,2.5
112,LEU,GLU,S,1.75,2.3
112,LEU,PHE,S,1.75,0.42
112,LEU,GLY,S,1.75,2.87
112,LEU,HIS,S,1.75,1.27
112,LEU,ILE,S,1.75,1.35
112,LEU,LYS,S,1.75,2.16
112,LEU,MET,S,1.75,1.24
112,LEU,ASN,S,1.75,1.8
112,LEU,PRO,S,1.75,2.97
112,LEU,GLN,S,1.75,1.84
112,LEU,ARG,S,1.75,1.87
112,LEU,SER,S,1.75,2.52
112,LEU,THR,S,1.75,2.05
112,LEU,VAL,S,1.75,1.87
112,LEU,TRP,S,1.75,0.98
112,LEU,TYR,S,1.75,0.66
113,LYS,ALA,S,44.6,0.01
113,LYS,CYS,S,44.6,0.15
113,LYS,ASP,S,44.6,0.37
113,LYS,GLU,S,44.6,0.15
113,LYS,PHE,S,44.6,0.29
113,LYS,GLY,S,44.6,0.46
113,LYS,HIS,S,44.6,0.05
113,LYS,ILE,S,44.6,0.07
113,LYS,LEU,S,44.6,-0.46
113,LYS,MET,S,44.6,-0.26
113,LYS,ASN,S,44.6,0.48
113,LYS,PRO,S,44.6,0.85
113,LYS,GLN,S,44.6,-0.06
113,LYS,ARG,S,44.6,-0.03
113,LYS,SER,S,44.6,0.24
113,LYS,THR,S,44.6,0.09
113,LYS,VAL,S,44.6,0.1
113,LYS,TRP,S,44.6,0.37
113,LYS,TYR,S,44.6,0.28
114,ASP,ALA,T,75.09,-0.48
114,ASP,CYS,T,75.09,-0.16
114,ASP,GLU,T,75.09,-0.27
114,ASP,PHE,T,75.09,0.03
114,ASP,GLY,T,75.09,0.27
114,ASP,HIS,T,75.09,-0.06
114,ASP,ILE,T,75.09,-0.13
114,ASP,LYS,T,75.09,0.08
114,ASP,LEU,T,75.09,-0.1
114,ASP,MET,T,75.09,-0.3
114,ASP,ASN,T,75.09,-0.08
114,ASP,PRO,T,75.09,-0.52
114,ASP,GLN,T,75.09,-0.09
114,ASP,ARG,T,75.09,0.03
114,ASP,SER,T,75.09,-0.14
114,ASP,THR,T,75.09,-0.23
114,ASP,VAL,T,75.09,-0.17
114,ASP,TRP,T,75.09,0.28
114,ASP,TYR,T,75.09,0.2
115,GLY,ALA,T,77.75,0.59
115,GLY,CYS,T,77.75,0.3
115,GLY,ASP,T,77.75,0.62
115,GLY,GLU,T,77.75,1.1
115,GLY,PHE,T,77.75,0.76
115,GLY,HIS,T,77.75,0.82
115,GLY,ILE,T,77.75,0.89
115,GLY,LYS,T,77.75,1.04
115,GLY,LEU,T,77.75,0.56
115,GLY,MET,T,77.75,0.6
115,GLY,ASN,T,77.75,0.27
115,GLY,PRO,T,77.75,1.14
115,GLY,GLN,T,77.75,0.84
115,GLY,ARG,T,77.75,0.94
115,GLY,SER,T,77.75,0.71
115,GLY,THR,T,77.75,0.81
115,GLY,VAL,T,77.75,0.95
115,GLY,TRP,T,77.75,0.85
115,GLY,TYR,T,77.75,0.88
116,ASN,ALA,S,14.09,0.85
116,ASN,CYS,S,14.09,0.71
116,ASN,ASP,S,14.09,0.56
116,ASN,GLU,S,14.09,1.18
116,ASN,PHE,S,14.09,0.77
116,ASN,GLY,S,14.09,1.27
116,ASN,HIS,S,14.09,0.39
116,ASN,ILE,S,14.09,0.78
116,ASN,LYS,S,14.09,1.25
116,ASN,LEU,S,14.09,0.47
116,ASN,MET,S,14.09,0.15
116,ASN,PRO,S,14.09,1.65
116,ASN,GLN,S,14.09,0.74
116,ASN,ARG,S,14.09,1.09
116,ASN,SER,S,14.09,0.28
116,ASN,THR,S,14.09,0.03
116,ASN,VAL,S,14.09,0.65
116,ASN,TRP,S,14.09,0.46
116,ASN,TYR,S,14.09,0.8
117,PRO,ALA,H,5.03,1.22
117,PRO,CYS,H,5.03,0.86
117,PRO,ASP,H,5.03,1.5
117,PRO,GLU,H,5.03,1.6
117,PRO,PHE,H,5.03,0.38
117,PRO,GLY,H,5.03,3.07
117,PRO,HIS,H,5.03,0.98
117,PRO,ILE,H,5.03,0.49
117,PRO,LYS,H,5.03,1.79
117,PRO,LEU,H,5.03,0.44
117,PRO,MET,H,5.03,0.69
117,PRO,ASN,H,5.03,1.54
117,PRO,GLN,H,5.03,1.44
117,PRO,ARG,H,5.03,1.18
117,PRO,SER,H,5.03,1.4
117,PRO,THR,H,5.03,0.89
117,PRO,VAL,H,5.03,0.46
117,PRO,TRP,H,5.03,0.22
117,PRO,TYR,H,5.03,0.51
118,ILE,ALA,H,0.31,3.61
118,ILE,CYS,H,0.31,2.33
118,ILE,ASP,H,0.31,3.3
118,ILE,GLU,H,0.31,2.65
118,ILE,PHE,H,0.31,1.23
118,ILE,GLY,H,0.31,3.94
118,ILE,HIS,H,0.31,2.26
118,ILE,LYS,H,0.31,3.17
118,ILE,LEU,H,0.31,1.18
118,ILE,MET,H,0.31,1.46
118,ILE,ASN,H,0.31,3.12
118,ILE,PRO,H,0.31,3.57
118,ILE,GLN,H,0.31,2.64
118,ILE,ARG,H,0.31,2.69
118,ILE,SER,H,0.31,2.93
118,ILE,THR,H,0.31,2.43
118,ILE,VAL,H,0.31,1.32
118,ILE,TRP,H,0.31,1.18
118,ILE,TYR,H,0.31,1.29
119,PRO,ALA,H,2.62,0.49
119,PRO,CYS,H,2.62,0
119,PRO,ASP,H,2.62,0.4
119,PRO,GLU,H,2.62,0.27
119,PRO,PHE,H,2.62,-0.58
119,PRO,GLY,H,2.62,0.82
119,PRO,HIS,H,2.62,-0.24
119,PRO,ILE,H,2.62,-0.27
119,PRO,LYS,H,2.62,0.39
119,PRO,LEU,H,2.62,-0.55
119,PRO,MET,H,2.62,-0.55
119,PRO,ASN,H,2.62,-0.15
119,PRO,GLN,H,2.62,-0.05
119,PRO,ARG,H,2.62,0.07
119,PRO,SER,H,2.62,0.49
119,PRO,THR,H,2.62,-0.05
119,PRO,VAL,H,2.62,-0.38
119,PRO,TRP,H,2.62,-0.19
119,PRO,TYR,H,2.62,-0.38
120,SER,ALA,H,44.46,-0.01
120,SER,CYS,H,44.46,0.61
120,SER,ASP,H,44.46,0.56
120,SER,GLU,H,44.46,0.57
120,SER,PHE,H,44.46,0.93
120,SER,GLY,H,44.46,0.53
120,SER,HIS,H,44.46,0.6
120,SER,ILE,H,44.46,0.93
120,SER,LYS,H,44.46,0.52
120,SER,LEU,H,44.46,0.64
120,SER,MET,H,44.46,0.47
120,SER,ASN,H,44.46,0.6
120,SER,PRO,H,44.46,1.75
120,SER,GLN,H,44.46,0.34
120,SER,ARG,H,44.46,0.43
120,SER,THR,H,44.46,0.5
120,SER,VAL,H,44.46,0.79
120,SER,TRP,H,44.46,1.05
120,SER,TYR,H,44.46,0.87
121,ALA,CYS,H,1.95,0.6
121,ALA,ASP,H,1.95,1
121,ALA,GLU,H,1.95,1.16
121,ALA,PHE,H,1.95,0.45
121,ALA,GLY,H,1.95,1.37
121,ALA,HIS,H,1.95,0.8
121,ALA,ILE,H,1.95,0.17
121,ALA,LYS,H,1.95,1.36
121,ALA,LEU,H,1.95,0.15
121,ALA,MET,H,1.95,0.26
121,ALA,ASN,H,1.95,1.06
121,ALA,PRO,H,1.95,1.21
121,ALA,GLN,H,1.95,1.05
121,ALA,ARG,H,1.95,1.15
121,ALA,SER,H,1.95,0.76
121,ALA,THR,H,1.95,0.68
121,ALA,VAL,H,1.95,0.17
121,ALA,TRP,H,1.95,0.24
121,ALA,TYR,H,1.95,0.54
122,ILE,ALA,H,0.11,3.61
122,ILE,CYS,H,0.11,2.95
122,ILE,ASP,H,0.11,4.23
122,ILE,GLU,H,0.11,3.47
122,ILE,PHE,H,0.11,1.36
122,ILE,GLY,H,0.11,4.89
122,ILE,HIS,H,0.11,2.43
122,ILE,LYS,H,0.11,3.19
122,ILE,LEU,H,0.11,0.85
122,ILE,MET,H,0.11,1.21
122,ILE,ASN,H,0.11,3.6
122,ILE,PRO,H,0.11,4.01
122,ILE,GLN,H,0.11,2.78
122,ILE,ARG,H,0.11,2.47
122,ILE,SER,H,0.11,3.93
122,ILE,THR,H,0.11,3.21
122,ILE,VAL,H,0.11,1.92
122,ILE,TRP,H,0.11,1.4
122,ILE,TYR,H,0.11,1.55
123,ALA,CYS,T,14.56,0.58
123,ALA,ASP,T,14.56,1.23
123,ALA,GLU,T,14.56,0.96
123,ALA,PHE,T,14.56,0.66
123,ALA,GLY,T,14.56,1.15
123,ALA,HIS,T,14.56,0.65
123,ALA,ILE,T,14.56,1.04
123,ALA,LYS,T,14.56,0.74
123,ALA,LEU,T,14.56,0.53
123,ALA,MET,T,14.56,0.47
123,ALA,ASN,T,14.56,0.69
123,ALA,PRO,T,14.56,1.51
123,ALA,GLN,T,14.56,0.56
123,ALA,ARG,T,14.56,0.51
123,ALA,SER,T,14.56,0.75
123,ALA,THR,T,14.56,0.82
123,ALA,VAL,T,14.56,0.9
123,ALA,TRP,T,14.56,0.6
123,ALA,TYR,T,14.56,0.79
124,ALA,CYS,T,35.37,0.35
124,ALA,ASP,T,35.37,0.41
124,ALA,GLU,T,35.37,0.74
124,ALA,PHE,T,35.37,0.47
124,ALA,GLY,T,35.37,0.82
124,ALA,HIS,T,35.37,0.22
124,ALA,ILE,T,35.37,0.87
124,ALA,LYS,T,35.37,0.58
124,ALA,LEU,T,35.37,0.33
124,ALA,MET,T,35.37,0.38
124,ALA,ASN,T,35.37,0.11
124,ALA,PRO,T,35.37,1.81
124,ALA,GLN,T,35.37,0.44
124,ALA,ARG,T,35.37,0.4
124,ALA,SER,T,35.37,0.07
124,ALA,THR,T,35.37,0.1
124,ALA,VAL,T,35.37,0.84
124,ALA,TRP,T,35.37,0.65
124,ALA,TYR,T,35.37,0.49
125,ASN,ALA,T,7.31,2.38
125,ASN,CYS,T,7.31,1.22
125,ASN,ASP,T,7.31,1.56
125,ASN,GLU,T,7.31,2.37
125,ASN,PHE,T,7.31,0.69
125,ASN,GLY,T,7.31,0.77
125,ASN,HIS,T,7.31,1.02
125,ASN,ILE,T,7.31,1.55
125,ASN,LYS,T,7.31,1.85
125,ASN,LEU,T,7.31,1.09
125,ASN,MET,T,7.31,0.92
125,ASN,PRO,T,7.31,2.78
125,ASN,GLN,T,7.31,1.49
125,ASN,ARG,T,7.31,1.27
125,ASN,SER,T,7.31,1.88
125,ASN,THR,T,7.31,1.69
125,ASN,VAL,T,7.31,1.57
125,ASN,TRP,T,7.31,0.71
125,ASN,TYR,T,7.31,0.72
126,SER,ALA,C,16.44,0.74
126,SER,CYS,C,16.44,0.1
126,SER,ASP,C,16.44,1.3
126,SER,GLU,C,16.44,1.31
126,SER,PHE,C,16.44,-0.03
126,SER,GLY,C,16.44,1.32
126,SER,HIS,C,16.44,0.59
126,SER,ILE,C,16.44,-0.15
126,SER,LYS,C,16.44,0.84
126,SER,LEU,C,16.44,0.2
126,SER,MET,C,16.44,0.19
126,SER,ASN,C,16.44,0.82
126,SER,PRO,C,16.44,2.31
126,SER,GLN,C,16.44,0.75
126,SER,ARG,C,16.44,0.48
126,SER,THR,C,16.44,0.4
126,SER,VAL,C,16.44,-0.04
126,SER,TRP,C,16.44,0.17
126,SER,TYR,C,16.44,0.16
127,GLY,ALA,C,5.74,0.37
127,GLY,CYS,C,5.74,-0.1
127,GLY,ASP,C,5.74,1.37
127,GLY,GLU,C,5.74,1.29
127,GLY,PHE,C,5.74,0
127,GLY,HIS,C,5.74,0.24
127,GLY,ILE,C,5.74,0.16
127,GLY,LYS,C,5.74,0.98
127,GLY,LEU,C,5.74,0.43
127,GLY,MET,C,5.74,0.26
127,GLY,ASN,C,5.74,0.83
127,GLY,PRO,C,5.74,1.41
127,GLY,GLN,C,5.74,0.72
127,GLY,ARG,C,5.74,0.52
127,GLY,SER,C,5.74,0.44
127,GLY,THR,C,5.74,0.22
127,GLY,VAL,C,5.74,0.01
127,GLY,TRP,C,5.74,0.11
127,GLY,TYR,C,5.74,-0.19
128,ILE,ALA,C,4.13,2.32
128,ILE,CYS,C,4.13,1.39
128,ILE,ASP,C,4.13,2.49
128,ILE,GLU,C,4.13,2.32
128,ILE,PHE,C,4.13,0.77
128,ILE,GLY,C,4.13,2.97
128,ILE,HIS,C,4.13,1.31
128,ILE,LYS,C,4.13,2.14
128,ILE,LEU,C,4.13,0.82
128,ILE,MET,C,4.13,0.97
128,ILE,ASN,C,4.13,1.86
128,ILE,PRO,C,4.13,2.2
128,ILE,GLN,C,4.13,1.73
128,ILE,ARG,C,4.13,1.31
128,ILE,SER,C,4.13,2.17
128,ILE,THR,C,4.13,1.56
128,ILE,VAL,C,4.13,1.01
128,ILE,TRP,C,4.13,0.72
128,ILE,TYR,C,4.13,0.74
129,TYR,ALA,C,34.13,1.84
129,TYR,CYS,C,34.13,1.46
129,TYR,ASP,C,34.13,1.77
129,TYR,GLU,C,34.13,2.01
129,TYR,PHE,C,34.13,0.29
129,TYR,GLY,C,34.13,1.95
129,TYR,HIS,C,34.13,1.02
129,TYR,ILE,C,34.13,0.79
129,TYR,LYS,C,34.13,1.81
129,TYR,LEU,C,34.13,0.81
129,TYR,MET,C,34.13,0.88
129,TYR,ASN,C,34.13,1.5
129,TYR,PRO,C,34.13,1.38
129,TYR,GLN,C,34.13,1.59
129,TYR,ARG,C,34.13,1.35
129,TYR,SER,C,34.13,1.85
129,TYR,THR,C,34.13,1.41
129,TYR,VAL,C,34.13,0.96
129,TYR,TRP,C,34.13,0.29
